BP0001,"Shape Puzzle|ขนาด 26x19 cm|จำนวน 6 ฟอง|ราคา 90 บาท"
BP0002,"Shape Puzzle|ขนาด 15x4x5 cm|ราคา 400 บาท"
BP0003,"ของเล่นเสริมทักษะด้วยการร้อยสร้อย|ขนาดกระปุก 26x10 cm|ขนาดตัวต่อ 3.5x3 cm|ราคา 360 บาท"
BP0004,"ของเล่นเสริมทักษะด้วยการร้อยสร้อย|ขนาดกระปุก 26x10 cm|ขนาดตัวต่อ 3.5x3 cm|ราคา 400 บาท"
BP0005,"ของเล่นเสริมทักษะด้วยการร้อยสร้อย|ขนาดกระปุก 26x10 cm|ขนาดตัวต่อ 3.5x3 cm|ราคา 380 บาท"
BP0006,"ของเล่นเสริมทักษะด้วยการร้อยสร้อย|ขนาดกระปุก 26x10 cm|ขนาดตัวต่อ 3.5x3 cm|ราคา 400 บาท"
BP0007,"ของเล่นเสริมทักษะด้วยการร้อยสร้อย|ขนาดกระปุก 26x10 cm|ขนาดตัวต่อ 3.5x3 cm|ราคา 400 บาท"
BP0008,"ของเล่นเสริมทักษะด้วยการร้อยสร้อย|ขนาดกระปุก 26x10 cm|ขนาดตัวต่อ 3.5x3 cm|ราคา 400 บาท"
BP0009,"ของเล่นเสริมทักษะด้วยการร้อยสร้อย|ขนาดกระปุก 26x10 cm|ขนาดตัวต่อ 3.5x3 cm|ราคา 400 บาท"
BP0010,"ของเล่นรูปทรงเลขาคณิต|ขนาดไม้ยาว 22x5 cm|ขนาดไม้จตุรัส 16.2x16.2 cm|ราคา 680 บาท"
BP0011,"กระดานฝึกทักษะ|ขนาด 30x22.5x0.6 cm|ราคา 140 บาท"
BP0012,"ตาชั่ง|ขนาด 24.5x23.5x9.5 cm|ราคา 510 บาท"
BP0013,"ตาชั่ง|ขนาด 24.5x23.5x9.5 cm|ราคา 400 บาท"
BP0014,"ตาชั่ง|ขนาด 24.5x23.5x9.5 cm|ราคา 450 บาท"
BP0015,"กระดานฝึกทักษะ|ขนาด 30x22.5x0.6 cm|ราคา 140 บาท"
BP0016,"กระดานฝึกทักษะ|ขนาด 30x22.5x0.6 cm|ราคา 140 บาท"
BP0017,"กระดานฝึกทักษะ|ขนาด 30x22.5x0.6 cm|ราคา 140 บาท"
BP0018,"กระดานฝึกทักษะ|ขนาด 30x22.5x0.6 cm|ราคา 140 บาท"
BP0019,"กระดานฝึกทักษะ|ขนาด 30x22.5x0.6 cm|ราคา 140 บาท"
BP0020,"กระดานฝึกทักษะ|ขนาด 30x22.5x0.6 cm|ราคา 140 บาท"
BP0021,"กระดานฝึกทักษะ|ขนาด 30x22.5x0.6 cm|ราคา 140 บาท"
BP0022,"กระดานฝึกทักษะ|ขนาด 30x22.5x0.6 cm|ราคา 140 บาท"
BP0023,"กระดานฝึกทักษะ|ขนาด 30x22.5x0.6 cm|ราคา 140 บาท"
BP0024,"กระดานฝึกทักษะ|ขนาด 30x22.5x0.6 cm|ราคา 140 บาท"
BP0025,"กระดานฝึกทักษะ|ขนาด 30x22.5x0.6 cm|ราคา 140 บาท"
BP0026,"กระดานฝึกทักษะ|ขนาด 30x22.5x0.6 cm|ราคา 140 บาท"
BP0027,"กระดานฝึกทักษะ|ขนาด 30x22.5x0.6 cm|ราคา 140 บาท"
BP0028,"กระดานฝึกทักษะ|ขนาด 30x22.5x0.6 cm|ราคา 140 บาท"
BP0029,"โบว์ลิ่ง|ขวดสูง 12 cm|โบว์ลิ่งเส้นผ่านศูนย์กลาง 6 cm|ราคา 450 บาท"
BP0030,"โบว์ลิ่ง|ขวดสูง 12 cm|โบว์ลิ่งเส้นผ่านศูนย์กลาง 5 cm|ราคา 680 บาท"
BP0031,"โบว์ลิ่ง|ขวดสูง 11.5 cm|โบว์ลิ่งเส้นผ่านศูนย์กลาง 4 cm|ราคา 270 บาท"
BP0032,"โบว์ลิ่ง|ขวดสูง 11.5 cm|โบว์ลิ่งเส้นผ่านศูนย์กลาง 4 cm|ราคา 270 บาท"
BP0033,"เกมโยนห่วง|ขนาด 28x8.5x11 cm|ราคา 310 บาท"
BP0034,"ของเล่นรูปทรงเลขาคณิต|ขนาด 30x18.5x5 cm|ราคา 630 บาท"
BP0035,"ตุ๊กตามือชุดสัตว์|10 ชิ้น|ขนาด 7x3 cm|ราคา 260 บาท"
BP0036,"ตุ๊กตามือชุดครอบครัว|6 ชิ้น|ขนาด 7x3 cm|ราคา 160 บาท"
BP0037,"เกมตักบอล|ขนาด 16x16x4 cm|ราคา 260 บาท"
BP0038,"ผักผลไม้จำลอง|8 ชิ้น|กล่องสูง 20 cm|เส้นผ่านศูนย์กลาง 15.5 cm|ราคา 400 บาท"
BP0039,"ผักผลไม้จำลอง|13 ชิ้น|กล่องขนาด 42x26x7 cm|ราคา 630 บาท"
BP0040,"สนามรถแข่ง|ขนาด 21x21.5 cm|ราคา 320 บาท"
BP0041,"สนามรถแข่ง|ขนาด 27x29 cm|ราคา 370 บาท"
BP0042,"ชุดคอสตูมสัตว์|ขนาด 66, 80, 85, 90 cm|ราคา 420 บาท"
BP0043,"ชุดคอสตูมสัตว์|ขนาด 66, 80, 85, 90, 100 cm|ราคา 420 บาท"
BP0044,"ชุดคอสตูมสัตว์|ขนาด 66, 85 cm|ราคา 420 บาท"
BP0045,"ชุดคอสตูมสัตว์|ขนาด 66, 80, 85 cm|ราคา 420 บาท"
BP0046,"ชุดกันหนาว|ขนาด 66, 73, 80, 85 cm|ราคา 420 บาท"
BP0047,"ชุดกันหนาว|ขนาด 73, 80, 85 cm|ราคา 420 บาท"
BP0048,"ชุดกันหนาว|ขนาด 73, 80 cm|ราคา 420 บาท"
BP0049,"ชุดกันหนาว|ขนาด 100, 110, 120, 130 ,140 cm|ราคา 420 บาท"
BP0050,"ชุดกันหนาว|ขนาด 100, 110, 120, 130 ,140 cm|ราคา 420 บาท"
BP0051,"ชุดกันหนาว|ขนาด 100, 110, 120, 130 ,140 cm|ราคา 420 บาท"
BP0052,"เสื้อพร้อมเอี๊ยม|ขนาด 66, 73, 80, 90 cm|ราคา 720 บาท"
BP0053,"ฮู้ดกันหนาว|ขนาด 80 cm|ราคา 280 บาท"
BP0054,"ฮู้ดกันหนาว|ขนาด 80 cm|ราคา 280 บาท"
BP0055,"ฮู้ดกันหนาว|ขนาด 80 cm|ราคา 280 บาท"
BP0056,"เสื้อเชิ้ต|ขนาด 66, 73 cm|ราคา 140 บาท"
BP0057,"เสื้อเชิ้ต|ขนาด 66, 73 cm|ราคา 140 บาท"
BP0058,"เสื้อกล้าม+กางเกง|ขนาด 66, 80 cm|ราคา 280 บาท"
BP0059,"เสื้อกล้าม+กางเกง|ขนาด 66, 100 cm|ราคา 280 บาท"
BP0060,"เครื่องดนตรีสำหรับเด็ก|ขนาด 30x13x8 cm|ราคา 410 บาท"
BP0061,"ชุด tetris|ขนาด 18x27 cm|ราคา 280 บาท"
BP0062,"ชุดเป่าปิงปอง|ขนาด 15x9x1.5 cm|ราคา 140 บาท"
BP0063,"set ของเล่นไม้จิ๋ว|ขนาดกล่อง 23x23x5 cm|ขนาดตัวต่อ 3.5x3.5 cm|ราคา 410 บาท"
BP0064,"ชุด tetris|ขนาด 11x11 cm|ราคา 60 บาท"
BP0065,"ของเล่นเสริมทักษะชุดต้นไม้|ขนาด 19x28 cm|ราคา 550 บาท"
BP0066,"รถเข็นของเล่น|ขนาด 31x38x52 cm|ราคา 820 บาท"
BP0067,"หนูไม้|ขนาด 5x7 cm|ราคา 200 บาท"
BP0068,"ตัวต่อไม้|ขนาดรถ 18.3x17x8.7 cm|ราคา 550 บาท"
BP0069,"ชุดของหวานสำหรับคุณหนู|ขนาดกล่อง 21x17x15 cm|ราคา 890 บาท"
BP0070,"เซ็ตเครื่องดนตรีสำหรับเด็ก|ระนาดเส้นผ่านศูนย์กลาง 17.5 cm|ไม้ระนาดยาว 16.5 cm|ไม้ประกอบจังหวะยาว 13 cm |ราคา 410 บาท"
BP0071,"ตัวต่อไม้|กล่องขนาด 32.5x19x6 cm|ราคา 550 บาท"
BP0072,"รถของเล่น|ขนาด 9.5x7 cm|ราคา 350 บาท"
BP0073,"รถของเล่น|ขนาด 20x9x10 cm|ราคา 350 บาท"
BP0074,"เครื่องดนตรีสำหรับเด็ก|ขนาด 35x14.5 cm|ราคา 410 บาท"
BP0075,"เครื่องดนตรีสำหรับเด็ก|ขนาด 35x14.5 cm|ราคา 410 บาท"
BP0076,"เครื่องดนตรีสำหรับเด็ก|ขนาด 35x14.5 cm|ราคา 410 บาท"
BP0077,"ชุดของหวานสำหรับคุณหนู|ขนาด 22x22x8 cm|ราคา 810 บาท"
BP0078,"เครื่องประกอบจังหวะ|ขนาด 13 cm|ราคา 140 บาท"
BP0079,"กีต้าร์ของเล่น|ขนาด 17.5x53x5 cm|ราคา 830 บาท"
BP0080,"ชุดทำอาหาร|ขนาด 17x35.5x36 cm|ราคา 1280 บาท"
BP0081,"ชุดช่างไม้|ขนาด 24x25.5x37 cm|ราคา 810 บาท"
BP0082,"ชุดครัว|ขนาด 26x30.2x21.5 cm|ราคา 1490 บาท"
BP0083,"ชุดช่างไม้|ขนาด 24.5x40x50 cm|ราคา 950 บาท"
BP0084,"ชุดเสริมสวย|ขนาด 36x18x38 cm|ราคา 1680 บาท"
BP0085,"ของเล่นไม้|อูฐ 8.5x3.5x12 cm|หนู 9x3.5x10.5 cm|ลา 9x3x8 cm|จระเข้ 10x4x8.5 cm|ราคา 130 บาท"
BP0086,"ของเล่นไม้|วัว 10x4x8.5 cm|เสือ 14x3.5x3.5 cm|ยีราฟ 10x3.8x15 cm|แกะดำ 7x3x8 cm|ราคา 130 บาท"
BP0087,"ของเล่นไม้|ม้าลาย 8x3x9 cm|กวาง 7x2.8x11 cm|กระบือ 9x3.8x110 cm|ช้าง 16x4.5x9 cm|ราคา 130 บาท"
BP0088,"ของเล่นไม้|แพนด้า 8x4.5x4 cm|ห่าน 7.5x3x10.5 cm|ลิง 4x2.5x9.5 cm|หมู 8x2.5x10.5 cm|ราคา 130 บาท"
BP0089,"ของเล่นไม้|แพะ 8x2.6x9 cm|ม้า 8x2.6x9.5 cm|วัว 9x3.5x8.5 cm|สิงโต 9.5x4x8.5 cm|ราคา 130 บาท"
BP0090,"ของเล่นไม้|แรด 11x4x7.5 cm|หมี 9.5x4x6 cm|ม้า 9x2.8x10 cm|แกะ 6x3x7 cm|ราคา 130 บาท"
BP0091,"ชุดทำอาหาร|กล่อง 22x16x9 cm|ที่ปอกเปลือก 7x6x1 cm|มีด 17 cm|แครอท 13 cm|มะนาว 6 cm|แตงกวา 11 cm|หัวไชเท้า 13 cm|มะเขือเทศ 6 cm|มะเขือม่วง 10 cm|ราคา 640 บาท"
BP0092,"ชุดทำอาหาร|กระเป๋า 28 cm|จาน 16 cm|มีด 17 cm|มะเขือเทศ 6 cm|ลูกแพร 9 cm|พลัม 6 cm|ลูกท้อ 6 cm|กล้วย 14 cm|พริกหวาน 6 cm|ราคา 640 บาท"
BP0094,"ชุดตกปลา|เบ็ดตกปลา 24 cm|สัตว์น้ำ 5.7-8.8 cm|ราคา 660 บาท"
BP0095,"ชุดขนม|กล่อง 23x14x9 cm|เขียง 20x12 cm|มีด 17x4.3 cm|เบอร์เกอร์ 8.5x5.5 cm|ice cream 13x5 cm|chocolate 15x5.5 cm|biscuit 5.5x1.5 cm|ราคา 710 บาท"
BP0096,"กระดาน 2in1 พร้อมแม่เหล็ก|กระดาน 23x29.5 cm|ปากกา 11 cm|ราคา 420 บาท"
BP0097,"ชุดช่างซ่อมรถ|ขนาดกล่อง 30.8x17x10.5 cm|ราคา 700 บาท"
BP0098,"ต้นไม้จำลอง|ขนาด 24x21.5x5 cm|ราคา 660 บาท"
BP0099,"หุ่นมือ|ขนาด 27 cm|ราคา 100 บาท"
BP0100,"รถของเล่น|ขนาด 16x14x14 cm|ราคา 560 บาท"
BP0101,"เครื่องบินของเล่น|ขนาด 7x4x4 cm|ราคา 900 บาท"
BP0102,"นาฬิกาของเล่น|เส้นผ่านศูนย์กลาง 22 cm|ราคา 940 บาท"
BP0103,"ชุดกระโดดเชือก|ยาว 2 เมตร|ราคา 140 บาท"
BP0105,"เครื่องดนตรีสำหรับเด็ก|ขนาด 34x13x4 cm|ราคา 350 บาท"
BP0106,"หนอนไม้|ขนาด 17x3.6 cm|ราคา 140 บาท"
BP0107,"รถลาก|ขนาด 30.5x13x6.8 cm|ราคา 690 บาท"
BP0108,"เกมตีตัวตุ่น|ขนาด 23.5x11.5x12 cm|ราคา 680 บาท"
BP0109,"โมบายสำหรับเด็ก|ขนาด 38x7x14 cm|ราคา 420 บาท"
BP0110,"เกมทุบไม้|ขนาด 24x12x14 cm|ราคา 530 บาท"
BP0111,"ชุดตกปลา|ถุงผ้า 28x20.5 cm|เบ็ด 27 cm|ช้อน 14.5 cm|มีด 14.5 cm|เขียง 22x13 cm|สัตว์น้ำ 4-9 cm|ราคา 950 บาท"
BP0112,"หุ่นมือรูปสัตว์|ขนาด 14x3.5 cm|ราคา 90 บาท"
BP0113,"เครื่องดนตรีประกอบจังหวะสำหรับเด็ก|ขนาด 13x5 cm|ราคา 90 บาท"
BP0114,"เครื่องดนตรีประกอบจังหวะสำหรับเด็ก|ขนาด 18x8x3 cm|ราคา 270 บาท"
BP0115,"ตุ๊กตาสัตว์|ขนาด 34x24 cm|ราคา 400 บาท"
BP0116,"ตุ๊กตาสัตว์|ขนาด 34x24 cm|ราคา 400 บาท"
BP0117,"ตุ๊กตาสัตว์|ขนาด 34x24 cm|ราคา 400 บาท"
BP0118,"ตุ๊กตาสัตว์|ขนาด 34x24 cm|ราคา 400 บาท"
BP0119,"ตุ๊กตาสัตว์|ขนาด 30x16 cm|ราคา 350 บาท"
BP0120,"ของเล่นรูปสัตว์|ขนาด 16.5x11 cm|ราคา 170 บาท"
BP0121,"ของเล่นรูปสัตว์|ขนาด 16.5x11 cm|ราคา 190 บาท"
BP0122,"ตุ๊กตาสัตว์|ขนาด 46x21 cm|ราคา 400 บาท"
BP0123,"ตุ๊กตาสัตว์|ขนาด 27x21 cm|ราคา 400 บาท"
BP0124,"โมบายติดรถเข็น|ขนาด 45x35 cm|ราคา 680 บาท"
BP0125,"เซตของเล่นระหว่างอาบน้ำ|ขนาด 18x12 cm|ราคา 320 บาท"
BP0126,"ชุดของเล่นเจ้าหญิง|ใส่ถ่านเพื่อให้ม้าหมุนขยับได้|ราคา 750 บาท"
BP0127,"เซตกล่องผ้า|ขนาด 19x19x9.5 cm|ราคา 400 บาท"
BP0128,"ของเล่นเสริมทักษะชุดรถก่อสร้าง|ขนาด 17x10x8 cm|ราคา 550 บาท"
BP0129,"ของเล่นเสริมทักษะชุดทำอาหาร|ขนาด 25.5x20x12.5 cm|ราคา 1400 บาท"
BP0130,"ผ้าพันคอกันเปื้อนสำหรับเด็ก|ขนาด 45x30x30cm|ราคา 280 บาท"
BP0131,"ผ้าพันคอกันเปื้อนสำหรับเด็ก|ขนาด 45x30x30cm|ราคา 280 บาท"
BP0132,"ผ้าพันคอกันเปื้อนสำหรับเด็ก|ขนาด 45x30x30cm|ราคา 280 บาท"
BP0133,"ผ้าพันคอกันเปื้อนสำหรับเด็ก|ขนาด 45x30x30cm|ราคา 280 บาท"
BP0134,"ผ้าพันคอกันเปื้อนสำหรับเด็ก|ขนาด 45x30x30cm|ราคา 280 บาท"
BP0135,"ผ้าพันคอกันเปื้อนสำหรับเด็ก|ขนาด 45x30x30cm|ราคา 280 บาท"
BP0136,"ผ้าพันคอกันเปื้อนสำหรับเด็ก|ขนาด 45x30x30cm|ราคา 280 บาท"
BP0137,"ผ้าพันคอกันเปื้อนสำหรับเด็ก|ขนาด 45x30x30cm|ราคา 280 บาท"
BP0138,"ผ้าพันคอกันเปื้อนสำหรับเด็ก|ขนาด 45x30x30cm|ราคา 280 บาท"
BP0139,"ผ้าพันคอกันเปื้อนสำหรับเด็ก|ขนาด 45x30x30cm|ราคา 280 บาท"
BP0140,"ผ้าพันคอกันเปื้อนสำหรับเด็ก|ขนาด 45x30x30cm|ราคา 280 บาท"
BP0141,"ผ้าพันคอกันเปื้อนสำหรับเด็ก|ขนาด 45x30x30cm|ราคา 280 บาท"
BP0142,"ผ้าพันคอกันเปื้อนสำหรับเด็ก|ขนาด 45x30x30cm|ราคา 280 บาท"
BP0143,"ผ้าพันคอกันเปื้อนสำหรับเด็ก|ขนาด 45x30x30cm|ราคา 280 บาท"
BP0144,"ผ้าพันคอกันเปื้อนสำหรับเด็ก|ขนาด 45x30x30cm|ราคา 280 บาท"
BP0145,"ผ้าพันคอกันเปื้อนสำหรับเด็ก|ขนาด 45x30x30cm|ราคา 280 บาท"
BP0146,"ผ้าพันคอกันเปื้อนสำหรับเด็ก|ขนาด 45x30x30cm|ราคา 280 บาท"
BP0147,"ผ้าพันคอกันเปื้อนสำหรับเด็ก|ขนาด 45x30x30cm|ราคา 280 บาท"
BP0148,"ผ้าพันคอกันเปื้อนสำหรับเด็ก|ขนาด 45x30x30cm|ราคา 280 บาท"
BP0149,"ผ้าพันคอกันเปื้อนสำหรับเด็ก|ขนาด 45x30x30cm|ราคา 280 บาท"
BP0150,"ผ้าพันคอกันเปื้อนสำหรับเด็ก|ขนาด 45x30x30cm|ราคา 280 บาท"
BP0151,"ผ้าพันคอกันเปื้อนสำหรับเด็ก|ขนาด 45x30x30cm|ราคา 280 บาท"
BP0152,"ผ้าพันคอกันเปื้อนสำหรับเด็ก|ขนาด 45x30x30cm|ราคา 280 บาท"
BP0153,"ผ้าพันคอกันเปื้อนสำหรับเด็ก|ขนาด 45x30x30cm|ราคา 280 บาท"
BP0154,"ผ้ากันเปื้อนสำหรับเด็ก|ขนาด 20x19cm|ราคา 140 บาท"
BP0155,"ผ้ากันเปื้อนสำหรับเด็ก|ขนาด 20x19cm|ราคา 140 บาท"
BP0156,"ผ้ากันเปื้อนสำหรับเด็ก|ขนาด 20x19cm|ราคา 140 บาท"
BP0157,"ผ้ากันเปื้อนสำหรับเด็ก|ขนาด 20x19cm|ราคา 140 บาท"
BP0158,"ผ้ากันเปื้อนสำหรับเด็ก|ขนาด 20x19cm|ราคา 140 บาท"
BP0159,"ผ้ากันเปื้อนสำหรับเด็ก|ขนาด 20x19cm|ราคา 140 บาท"
BP0160,"ผ้ากันเปื้อนสำหรับเด็ก|ขนาด 20x19cm|ราคา 140 บาท"
BP0161,"ผ้ากันเปื้อนสำหรับเด็ก|ขนาด 20x19cm|ราคา 140 บาท"
BP0162,"ผ้ากันเปื้อนสำหรับเด็ก|ขนาด 20x19cm|ราคา 140 บาท"
BP0163,"ผ้ากันเปื้อนสำหรับเด็ก|ขนาด 20x19cm|ราคา 140 บาท"
BP0164,"ผ้ากันเปื้อนสำหรับเด็ก|ขนาด 20x19cm|ราคา 140 บาท"
BP0165,"ผ้ากันเปื้อนสำหรับเด็ก|ขนาด 20x19cm|ราคา 140 บาท"
BP0166,"ผ้ากันเปื้อนสำหรับเด็ก|ขนาด 20x19cm|ราคา 140 บาท"
BP0167,"ผ้ากันเปื้อนสำหรับเด็ก|ขนาด 20x19cm|ราคา 140 บาท"
BP0168,"ผ้ากันเปื้อนสำหรับเด็ก|ขนาด 20x19cm|ราคา 140 บาท"
BP0169,"ผ้ากันเปื้อนสำหรับเด็ก|ขนาด 20x19cm|ราคา 140 บาท"
BP0170,"ผ้ากันเปื้อนสำหรับเด็ก|ขนาด 20x19cm|ราคา 140 บาท"
BP0171,"ผ้ากันเปื้อนสำหรับเด็ก|ขนาด 20x19cm|ราคา 140 บาท"
BP0172,"ผ้ากันเปื้อนสำหรับเด็ก|ขนาด 20x19cm|ราคา 140 บาท"
BP0173,"ผ้ากันเปื้อนสำหรับเด็ก|ขนาด 20x19cm|ราคา 140 บาท"
BP0174,"ผ้ากันเปื้อนสำหรับเด็ก|ขนาด 20x19cm|ราคา 140 บาท"
BP0175,"ผ้ากันเปื้อนสำหรับเด็ก|ขนาด 20x19cm|ราคา 140 บาท"
BP0176,"ผ้ากันเปื้อนสำหรับเด็ก|ขนาด 20x19cm|ราคา 140 บาท"
BP0177,"ผ้ากันเปื้อนสำหรับเด็ก|ขนาด 20x19cm|ราคา 140 บาท"
BP0178,"เสื้อผ้าเด็ก (ขายเป็นชุด)|ขนาด|S 73cm|M 80cm|L 90cm |XL 95cm|ราคา 690 บาท"
BP0179,"เสื้อผ้าเด็ก (ขายเป็นชุด)|ขนาด|S 73cm|M 80cm|L 90cm |XL 95cm|ราคา 690 บาท"
BP0180,"เสื้อผ้าเด็ก (ขายเป็นชุด)|ขนาด|S 73cm|M 80cm|L 90cm |XL 95cm|ราคา 690 บาท"
BP0181,"เสื้อผ้าเด็ก (ขายเป็นชุด)|ขนาด|S 73cm|M 80cm|L 90cm |XL 95cm|ราคา 690 บาท"
BP0182,"เสื้อผ้าเด็ก (ขายเป็นชุด)|ขนาด|S 73cm|M 80cm|L 90cm |XL 95cm|ราคา 690 บาท"
BP0183,"เสื้อผ้าเด็ก (ขายเป็นชุด)|ขนาด|S 73cm|M 80cm|L 90cm |XL 95cm|ราคา 690 บาท"
BP0184,"เสื้อผ้าเด็ก (ขายเป็นชุด)|ขนาด|S 73cm|M 80cm|L 90cm |XL 95cm|ราคา 690 บาท"
BP0185,"เสื้อผ้าเด็ก (ขายเป็นชุด)|ขนาด|S 73cm|M 80cm|L 90cm |XL 95cm|ราคา 690 บาท"
BP0186,"เสื้อผ้าเด็ก (ขายเป็นชุด)|ขนาด|S 73cm|M 80cm|L 90cm |XL 95cm|ราคา 690 บาท"
BP0187,"เสื้อผ้าเด็ก (ขายเป็นชุด)|ขนาด|S 73cm|M 80cm|L 90cm |XL 95cm|ราคา 690 บาท"
BP0188,"เสื้อผ้าเด็ก (ขายเป็นชุด)|ขนาด|S 73cm|M 80cm|L 90cm |XL 95cm|ราคา 690 บาท"
BP0189,"เสื้อผ้าเด็ก (ขายเป็นชุด)|ขนาด|S 73cm|M 80cm|L 90cm |XL 95cm|ราคา 690 บาท"
BP0190,"เสื้อผ้าเด็ก (ขายเป็นชุด)|ขนาด|S 73cm|M 80cm|L 90cm |XL 95cm|ราคา 690 บาท"
BP0191,"เสื้อผ้าเด็ก (ขายเป็นชุด)|ขนาด|S 73cm|M 80cm|L 90cm |XL 95cm|ราคา 690 บาท"
BP0192,"เสื้อผ้าเด็ก (ขายเป็นชุด)|ขนาด|S 73cm|M 80cm|L 90cm |XL 95cm|ราคา 690 บาท"
BP0193,"เสื้อผ้าเด็ก (ขายเป็นชุด)|ขนาด|S 73cm|M 80cm|L 90cm |XL 95cm|ราคา 690 บาท"
BP0194,"เสื้อผ้าเด็ก (ขายเป็นชุด)|ขนาด|S 73cm|M 80cm|L 90cm |XL 95cm|ราคา 690 บาท"
BP0195,"เสื้อผ้าเด็ก (ขายเป็นชุด)|ขนาด|S 73cm|M 80cm|L 90cm |XL 95cm|ราคา 690 บาท"
BP0196,"เสื้อผ้าเด็ก (ขายเป็นชุด)|ขนาด|S 73cm|M 80cm|L 90cm |XL 95cm|ราคา 690 บาท"
BP0197,"เสื้อผ้าเด็ก (ขายเป็นชุด)|ขนาด|S 73cm|M 80cm|L 90cm |XL 95cm|ราคา 690 บาท"
BP0198,"เสื้อผ้าเด็ก (ขายเป็นชุด)|ขนาด|S 73cm|M 80cm|L 90cm |XL 95cm|ราคา 690 บาท"
BP0199,"เสื้อผ้าเด็กอ่อน|ขนาด|S 59cm|M 66cm |L 73cm |XL 80cm|ราคา 410 บาท"
BP0200,"เสื้อผ้าเด็กอ่อน|ขนาด|S 59cm|M 66cm |L 73cm |XL 80cm|ราคา 410 บาท"
BP0201,"เสื้อผ้าเด็กอ่อน|ขนาด|S 59cm|M 66cm |L 73cm |XL 80cm|ราคา 410 บาท"
BP0202,"เสื้อผ้าเด็กอ่อน|ขนาด|S 59cm|M 66cm |L 73cm |XL 80cm|ราคา 410 บาท"
BP0203,"เสื้อผ้าเด็กอ่อน|ขนาด|S 59cm|M 66cm |L 73cm |XL 80cm|ราคา 410 บาท"
BP0204,"เสื้อผ้าเด็กอ่อน|ขนาด|S 59cm|M 66cm |L 73cm |XL 80cm|ราคา 410 บาท"
BP0205,"เสื้อผ้าเด็กอ่อน|ขนาด|S 59cm|M 66cm |L 73cm |XL 80cm|ราคา 410 บาท"
BP0206,"เสื้อผ้าเด็กอ่อน|ขนาด|S 59cm|M 66cm |L 73cm |XL 80cm|ราคา 410 บาท"
BP0207,"เสื้อผ้าเด็กอ่อน|ขนาด|S 59cm|M 66cm |L 73cm |XL 80cm|ราคา 410 บาท"
BP0208,"เสื้อผ้าเด็กอ่อน|ขนาด|S 59cm|M 66cm |L 73cm |XL 80cm|ราคา 410 บาท"
BP0209,"เสื้อผ้าเด็กอ่อน|ขนาด|S 59cm|M 66cm |L 73cm |XL 80cm|ราคา 410 บาท"
BP0210,"เสื้อผ้าเด็กอ่อน|ขนาด|S 59cm|M 66cm |L 73cm |XL 80cm|ราคา 410 บาท"
BP0211,"เสื้อผ้าเด็กอ่อน|ขนาด|S 59cm|M 66cm |L 73cm |XL 80cm|ราคา 410 บาท"
BP0212,"เสื้อผ้าเด็กอ่อน|ขนาด|S 59cm|M 66cm |L 73cm |XL 80cm|ราคา 410 บาท"
BP0213,"เสื้อผ้าเด็กอ่อน|ขนาด|S 59cm|M 66cm |L 73cm |XL 80cm|ราคา 410 บาท"
BP0214,"เสื้อผ้าเด็กอ่อน|ขนาด|S 59cm|M 66cm |L 73cm |XL 80cm|ราคา 410 บาท"
BP0215,"เสื้อผ้าเด็กอ่อน|ขนาด|S 59cm|M 66cm |L 73cm |XL 80cm|ราคา 410 บาท"
BP0216,"เสื้อผ้าเด็กอ่อน|ขนาด|S 59cm|M 66cm |L 73cm |XL 80cm|ราคา 410 บาท"
BP0217,"เสื้อผ้าเด็กอ่อน|ขนาด|S 59cm|M 66cm |L 73cm |XL 80cm|ราคา 410 บาท"
BP0218,"เสื้อผ้าเด็กอ่อน|ขนาด|S 59cm|M 66cm |L 73cm |XL 80cm|ราคา 410 บาท"
BP0219,"เสื้อผ้าเด็กอ่อน|ขนาด|S 59cm|M 66cm |L 73cm |XL 80cm|ราคา 410 บาท"
BP0220,"เสื้อผ้าเด็กอ่อน|ขนาด|S 59cm|M 66cm |L 73cm |XL 80cm|ราคา 410 บาท"
BP0221,"เสื้อผ้าเด็กอ่อน|ขนาด|S 59cm|M 66cm |L 73cm |XL 80cm|ราคา 410 บาท"
BP0222,"รองเท้าสำหรับเด็ก|ขนาด|เบอร์11 : 10.5cm|เบอร์12 : 11cm|เบอร์13 : 11.5cm|เบอร์14: 12cm|เบอร์15 : 12.5cm|เบอร์16 : 13cm|ราคา 420 บาท"
BP0223,"รองเท้าสำหรับเด็ก|ขนาด|เบอร์11 : 10.5cm|เบอร์12 : 11cm|เบอร์13 : 11.5cm|เบอร์14: 12cm|เบอร์15 : 12.5cm|เบอร์16 : 13cm|ราคา 420 บาท"
BP0224,"รองเท้าสำหรับเด็ก|ขนาด|เบอร์11 : 10.5cm|เบอร์12 : 11cm|เบอร์13 : 11.5cm|เบอร์14: 12cm|เบอร์15 : 12.5cm|เบอร์16 : 13cm|ราคา 420 บาท"
BP0225,"รองเท้าสำหรับเด็ก|ขนาด|เบอร์11 : 10.5cm|เบอร์12 : 11cm|เบอร์13 : 11.5cm|เบอร์14: 12cm|เบอร์15 : 12.5cm|เบอร์16 : 13cm|ราคา 420 บาท"
BP0226,"รองเท้าสำหรับเด็ก|ขนาด|เบอร์11 : 10.5cm|เบอร์12 : 11cm|เบอร์13 : 11.5cm|เบอร์14: 12cm|เบอร์15 : 12.5cm|เบอร์16 : 13cm|ราคา 420 บาท"
BP0227,"รองเท้าสำหรับเด็ก|ขนาด|เบอร์11 : 10.5cm|เบอร์12 : 11cm|เบอร์13 : 11.5cm|เบอร์14: 12cm|เบอร์15 : 12.5cm|เบอร์16 : 13cm|ราคา 420 บาท"
BP0228,"รองเท้าสำหรับเด็ก|ขนาด|เบอร์11 : 10.5cm|เบอร์12 : 11cm|เบอร์13 : 11.5cm|เบอร์14: 12cm|เบอร์15 : 12.5cm|เบอร์16 : 13cm|ราคา 420 บาท"
BP0229,"รองเท้าสำหรับเด็ก|ขนาด|เบอร์11 : 10.5cm|เบอร์12 : 11cm|เบอร์13 : 11.5cm|เบอร์14: 12cm|เบอร์15 : 12.5cm|เบอร์16 : 13cm|ราคา 420 บาท"
BP0230,"รองเท้าสำหรับเด็ก|ขนาด|เบอร์11 : 10.5cm|เบอร์12 : 11cm|เบอร์13 : 11.5cm|เบอร์14: 12cm|เบอร์15 : 12.5cm|เบอร์16 : 13cm|ราคา 420 บาท"
BP0231,"รองเท้าสำหรับเด็ก|ขนาด|เบอร์11 : 10.5cm|เบอร์12 : 11cm|เบอร์13 : 11.5cm|เบอร์14: 12cm|เบอร์15 : 12.5cm|เบอร์16 : 13cm|ราคา 420 บาท"
BP0232,"รองเท้าสำหรับเด็ก|ขนาด|เบอร์11 : 10.5cm|เบอร์12 : 11cm|เบอร์13 : 11.5cm|เบอร์14: 12cm|เบอร์15 : 12.5cm|เบอร์16 : 13cm|ราคา 420 บาท"
BP0233,"รองเท้าสำหรับเด็ก|ขนาด|เบอร์11 : 10.5cm|เบอร์12 : 11cm|เบอร์13 : 11.5cm|เบอร์14: 12cm|เบอร์15 : 12.5cm|เบอร์16 : 13cm|ราคา 420 บาท"
BP0234,"รองเท้าสำหรับเด็ก|ขนาด|เบอร์11 : 10.5cm|เบอร์12 : 11cm|เบอร์13 : 11.5cm|เบอร์14: 12cm|เบอร์15 : 12.5cm|เบอร์16 : 13cm|ราคา 420 บาท"
BP0235,"รองเท้าสำหรับเด็ก|ขนาด|เบอร์11 : 10.5cm|เบอร์12 : 11cm|เบอร์13 : 11.5cm|เบอร์14: 12cm|เบอร์15 : 12.5cm|เบอร์16 : 13cm|ราคา 420 บาท"
BP0236,"รองเท้าสำหรับเด็ก|ขนาด|เบอร์11 : 10.5cm|เบอร์12 : 11cm|เบอร์13 : 11.5cm|เบอร์14: 12cm|เบอร์15 : 12.5cm|เบอร์16 : 13cm|ราคา 420 บาท"
BP0237,"รองเท้าสำหรับเด็ก|ขนาด|เบอร์11 : 10.5cm|เบอร์12 : 11cm|เบอร์13 : 11.5cm|เบอร์14: 12cm|เบอร์15 : 12.5cm|เบอร์16 : 13cm|ราคา 420 บาท"
BP0238,"รองเท้าสำหรับเด็ก|ขนาด|เบอร์11 : 10.5cm|เบอร์12 : 11cm|เบอร์13 : 11.5cm|เบอร์14: 12cm|เบอร์15 : 12.5cm|เบอร์16 : 13cm|ราคา 420 บาท"
BP0239,"รองเท้าสำหรับเด็ก|ขนาด|เบอร์11 : 10.5cm|เบอร์12 : 11cm|เบอร์13 : 11.5cm|เบอร์14: 12cm|เบอร์15 : 12.5cm|เบอร์16 : 13cm|ราคา 420 บาท"
BP0240,"เสื้อสำหรับเด็กอ่อน พร้อมหมวก|ขนาด|M 60cm|L 73cm|XL 80cm|XXL 90cm|ราคา 420 บาท"
BP0241,"เสื้อสำหรับเด็กอ่อน พร้อมหมวก|ขนาด|M 60cm|L 73cm|XL 80cm|XXL 90cm|ราคา 420 บาท"
BP0242,"เสื้อสำหรับเด็กอ่อน พร้อมหมวก|ขนาด|M 60cm|L 73cm|XL 80cm|XXL 90cm|ราคา 420 บาท"
BP0243,"เสื้อสำหรับเด็กอ่อน พร้อมหมวก|ขนาด|M 60cm|L 73cm|XL 80cm|XXL 90cm|ราคา 420 บาท"
BP0244,"เสื้อสำหรับเด็กอ่อน พร้อมหมวก|ขนาด|M 60cm|L 73cm|XL 80cm|XXL 90cm|ราคา 420 บาท"
BP0245,"เสื้อสำหรับเด็กอ่อน พร้อมหมวก|ขนาด|M 60cm|L 73cm|XL 80cm|XXL 90cm|ราคา 420 บาท"
BP0246,"เสื้อสำหรับเด็กอ่อน พร้อมหมวก|ขนาด|M 60cm|L 73cm|XL 80cm|XXL 90cm|ราคา 420 บาท"
BP0247,"เสื้อสำหรับเด็กอ่อน พร้อมหมวก|ขนาด|M 60cm|L 73cm|XL 80cm|XXL 90cm|ราคา 420 บาท"
BP0248,"เสื้อสำหรับเด็กอ่อน พร้อมหมวก|ขนาด|M 60cm|L 73cm|XL 80cm|XXL 90cm|ราคา 420 บาท"
BP0249,"เสื้อสำหรับเด็กอ่อน พร้อมหมวก|ขนาด|M 60cm|L 73cm|XL 80cm|XXL 90cm|ราคา 420 บาท"
BP0250,"เสื้อสำหรับเด็กอ่อน พร้อมหมวก|ขนาด|M 60cm|L 73cm|XL 80cm|XXL 90cm|ราคา 420 บาท"
BP0251,"เสื้อสำหรับเด็กอ่อน พร้อมหมวก|ขนาด|M 60cm|L 73cm|XL 80cm|XXL 90cm|ราคา 420 บาท"
BP0252,"เสื้อสำหรับเด็กอ่อน พร้อมหมวก|ขนาด|M 60cm|L 73cm|XL 80cm|XXL 90cm|ราคา 420 บาท"
BP0253,"เสื้อสำหรับเด็กอ่อน พร้อมหมวก|ขนาด|M 60cm|L 73cm|XL 80cm|XXL 90cm|ราคา 420 บาท"
BP0254,"เสื้อสำหรับเด็กอ่อน พร้อมหมวก|ขนาด|M 60cm|L 73cm|XL 80cm|XXL 90cm|ราคา 420 บาท"
BP0255,"เสื้อสำหรับเด็กอ่อน พร้อมหมวก|ขนาด|M 60cm|L 73cm|XL 80cm|XXL 90cm|ราคา 420 บาท"
BP0256,"เสื้อสำหรับเด็กอ่อน พร้อมหมวก|ขนาด|M 60cm|L 73cm|XL 80cm|XXL 90cm|ราคา 420 บาท"
BP0257,"เสื้อสำหรับเด็กอ่อน พร้อมหมวก|ขนาด|M 60cm|L 73cm|XL 80cm|XXL 90cm|ราคา 420 บาท"
BP0258,"เสื้อสำหรับเด็กอ่อน พร้อมหมวก|ขนาด|M 60cm|L 73cm|XL 80cm|XXL 90cm|ราคา 420 บาท"
BP0259,"เสื้อสำหรับเด็กอ่อน พร้อมหมวก|ขนาด|M 60cm|L 73cm|XL 80cm|XXL 90cm|ราคา 420 บาท"
BP0260,"เสื้อสำหรับเด็กอ่อน พร้อมหมวก|ขนาด|M 60cm|L 73cm|XL 80cm|XXL 90cm|ราคา 420 บาท"
BP0261,"เสื้อสำหรับเด็กอ่อน พร้อมหมวก|ขนาด|M 60cm|L 73cm|XL 80cm|XXL 90cm|ราคา 420 บาท"
BP0262,"เสื้อสำหรับเด็กอ่อน พร้อมหมวก|ขนาด|M 60cm|L 73cm|XL 80cm|XXL 90cm|ราคา 420 บาท"
BP0263,"เสื้อสำหรับเด็กอ่อน พร้อมหมวก|ขนาด|M 60cm|L 73cm|XL 80cm|XXL 90cm|ราคา 420 บาท"
BP0264,"เสื้อสำหรับเด็กอ่อน พร้อมหมวก|(ไม่มีหมวก ราคา 280)|ขนาด|L 73cm|XL 80cm|XXL 83cm|ราคา 380 บาท"
BP0265,"เสื้อสำหรับเด็กอ่อน พร้อมหมวก|(ไม่มีหมวก ราคา 280|ขนาด|L 73cm|XL 80cm|XXL 83cm|ราคา 0 บาท"
BP0266,"เอี๊ยมยีนส์|ขนาด|90cm|100cm|110cm|ราคา 490 บาท"
BP0267,"เอี๊ยมยีนส์|ขนาด|90cm|100cm|110cm|ราคา 490 บาท"
BP0268,"เอี๊ยมยีนส์|ขนาด|90cm|100cm|110cm|ราคา 490 บาท"
BP0269,"เอี๊ยมยีนส์|ขนาด|90cm|100cm|110cm|ราคา 490 บาท"
BP0270,"เอี๊ยมยีนส์|ขนาด|90cm|100cm|110cm|ราคา 490 บาท"
BP0271,"ชุดสัตว์สำหรับเด็ก|ขนาด|73cm|80cm|90cm|100cm|ราคา 820 บาท"
BP0272,"ชุดสัตว์สำหรับเด็ก|ขนาด|73cm|80cm|90cm|100cm|ราคา 820 บาท"
BP0273,"ชุดสัตว์สำหรับเด็ก|ขนาด|73cm|80cm|90cm|100cm|ราคา 820 บาท"
BP0274,"ชุดสัตว์สำหรับเด็ก|ขนาด|73cm|80cm|90cm|100cm|ราคา 820 บาท"
BP0275,"ชุดสัตว์สำหรับเด็ก|ขนาด|73cm|80cm|90cm|100cm|ราคา 820 บาท"
BP0276,"ชุดสัตว์สำหรับเด็ก|ขนาด|73cm|80cm|90cm|100cm|ราคา 820 บาท"
BP0277,"ชุดสัตว์สำหรับเด็ก|ขนาด|73cm|80cm|90cm|100cm|ราคา 820 บาท"
BP0278,"ชุดสัตว์สำหรับเด็ก|ขนาด|73cm|80cm|90cm|100cm|ราคา 820 บาท"
BP0279,"ชุดสัตว์สำหรับเด็ก|ขนาด|73cm|80cm|90cm|100cm|ราคา 820 บาท"
BP0280,"ชุดสัตว์สำหรับเด็ก|ขนาด|73cm|80cm|90cm|100cm|ราคา 820 บาท"
BP0281,"ชุดสัตว์สำหรับเด็ก|ขนาด|73cm|80cm|90cm|100cm|ราคา 820 บาท"
BP0282,"ชุดสัตว์สำหรับเด็ก|ขนาด|73cm|80cm|90cm|100cm|ราคา 820 บาท"
BP0283,"ชุดสัตว์สำหรับเด็ก|ขนาด|73cm|80cm|90cm|100cm|ราคา 820 บาท"
BP0284,"ชุดสัตว์สำหรับเด็ก|ขนาด|73cm|80cm|90cm|100cm|ราคา 820 บาท"
BP0285,"ชุดสัตว์สำหรับเด็ก|ขนาด|73cm|80cm|90cm|100cm|ราคา 820 บาท"
BP0286,"ชุดสัตว์สำหรับเด็ก|ขนาด|73cm|80cm|90cm|100cm|ราคา 820 บาท"
BP0287,"ชุดสัตว์สำหรับเด็ก|ขนาด|73cm|80cm|90cm|100cm|ราคา 820 บาท"
BP0288,"ชุดสัตว์สำหรับเด็ก|ขนาด|73cm|80cm|90cm|100cm|ราคา 820 บาท"
BP0289,"ชุดสัตว์สำหรับเด็ก|ขนาด|73cm|80cm|90cm|100cm|ราคา 820 บาท"
BP0290,"ชุดสัตว์สำหรับเด็ก|ขนาด|73cm|80cm|90cm|100cm|ราคา 820 บาท"
BP0291,"ชุดสัตว์สำหรับเด็ก|ขนาด|73cm|80cm|90cm|100cm|ราคา 820 บาท"
BP0292,"ชุดสัตว์สำหรับเด็ก|ขนาด|73cm|80cm|90cm|100cm|ราคา 820 บาท"
BP0293,"ชุดสัตว์สำหรับเด็ก|ขนาด|73cm|80cm|90cm|100cm|ราคา 820 บาท"
BP0294,"เสื้อคลุมเด็กขนนิ่ม|ขนาด 85*78cm|ราคา 540 บาท"
BP0295,"เสื้อคลุมเด็กขนนิ่ม|ขนาด 85*78cm|ราคา 540 บาท"
BP0296,"เสื้อคลุมเด็กขนนิ่ม|ขนาด 85*78cm|ราคา 540 บาท"
BP0297,"เสื้อคลุมเด็กขนนิ่ม|ขนาด 85*78cm|ราคา 540 บาท"
BP0298,"เสื้อคลุมเด็กขนนิ่ม|ขนาด 85*78cm|ราคา 540 บาท"
BP0299,"เสื้อคลุมเด็กขนนิ่ม|ขนาด 85*78cm|ราคา 540 บาท"
BP0300,"เสื้อคลุมเด็กขนนิ่ม|ขนาด 85*78cm|ราคา 540 บาท"
BP0301,"เสื้อคลุมเด็กขนนิ่ม|ขนาด 85*78cm|ราคา 540 บาท"
BP0302,"เสื้อคลุมเด็กขนนิ่ม|ขนาด 85*78cm|ราคา 540 บาท"
BP0303,"เสื้อคลุมเด็กขนนิ่ม|ขนาด 85*78cm|ราคา 540 บาท"
BP0304,"เสื้อคลุมเด็กขนนิ่ม|ขนาด 85*78cm|ราคา 540 บาท"
BP0305,"เสื้อคลุมเด็กขนนิ่ม|ขนาด 85*78cm|ราคา 540 บาท"
BP0306,"เสื้อคลุมเด็กขนนิ่ม|ขนาด 85*78cm|ราคา 540 บาท"
BP0307,"เสื้อคลุมเด็กขนนิ่ม|ขนาด 85*78cm|ราคา 540 บาท"
BP0308,"เสื้อคลุมเด็กขนนิ่ม|ขนาด 85*78cm|ราคา 540 บาท"
BP0309,"เสื้อคลุมเด็กขนนิ่ม|ขนาด 85*78cm|ราคา 540 บาท"
BP0310,"เสื้อคลุมเด็กขนนิ่ม|ขนาด 85*78cm|ราคา 540 บาท"
BP0311,"เสื้อคลุมเด็กขนนิ่ม|ขนาด 85*78cm|ราคา 540 บาท"
BP0312,"เสื้อคลุมเด็กขนนิ่ม|ขนาด 85*78cm|ราคา 540 บาท"
BP0313,"เสื้อคลุมเด็กขนนิ่ม|ขนาด 85*78cm|ราคา 540 บาท"
BP0314,"เสื้อคลุมเด็กขนนิ่ม|ขนาด 85*78cm|ราคา 540 บาท"
BP0315,"เสื้อคลุมเด็กขนนิ่ม|ขนาด 85*78cm|ราคา 540 บาท"
BP0316,"เสื้อคลุมเด็กขนนิ่ม|ขนาด 85*78cm|ราคา 540 บาท"
BP0317,"ถุงเท้าเด็ก ปลายประดับตุ๊กตา|ขนาด|0-6 เดือน (7-9cm)|6-12 เดือน (10-12cm)|ราคา 100 บาท"
BP0318,"ถุงเท้าเด็ก ปลายประดับตุ๊กตา|ขนาด|0-6 เดือน (7-9cm)|6-12 เดือน (10-12cm)|ราคา 100 บาท"
BP0319,"ถุงเท้าเด็ก ปลายประดับตุ๊กตา|ขนาด|0-6 เดือน (7-9cm)|6-12 เดือน (10-12cm)|ราคา 100 บาท"
BP0320,"ถุงเท้าเด็ก ปลายประดับตุ๊กตา|ขนาด|0-6 เดือน (7-9cm)|6-12 เดือน (10-12cm)|ราคา 100 บาท"
BP0321,"ถุงเท้าเด็ก ปลายประดับตุ๊กตา|ขนาด|0-6 เดือน (7-9cm)|6-12 เดือน (10-12cm)|ราคา 100 บาท"
BP0322,"ถุงเท้าเด็ก ปลายประดับตุ๊กตา|ขนาด|0-6 เดือน (7-9cm)|6-12 เดือน (10-12cm)|ราคา 100 บาท"
BP0323,"ถุงเท้าเด็ก ปลายประดับตุ๊กตา|ขนาด|0-6 เดือน (7-9cm)|6-12 เดือน (10-12cm)|ราคา 100 บาท"
BP0324,"ถุงเท้าเด็ก ปลายประดับตุ๊กตา|ขนาด|0-6 เดือน (7-9cm)|6-12 เดือน (10-12cm)|ราคา 100 บาท"
BP0325,"ถุงเท้าเด็ก ปลายประดับตุ๊กตา|ขนาด|0-6 เดือน (7-9cm)|6-12 เดือน (10-12cm)|ราคา 100 บาท"
BP0326,"ถุงเท้าเด็ก ปลายประดับตุ๊กตา|ขนาด|0-6 เดือน (7-9cm)|6-12 เดือน (10-12cm)|ราคา 100 บาท"
BP0327,"ถุงเท้าเด็ก ปลายประดับตุ๊กตา|ขนาด|0-6 เดือน (7-9cm)|6-12 เดือน (10-12cm)|ราคา 100 บาท"
BP0328,"ถุงเท้าเด็ก ปลายประดับตุ๊กตา|ขนาด|0-6 เดือน (7-9cm)|6-12 เดือน (10-12cm)|ราคา 100 บาท"
BP0329,"ถุงเท้าเด็ก ปลายประดับตุ๊กตา|ขนาด|0-6 เดือน (7-9cm)|6-12 เดือน (10-12cm)|ราคา 100 บาท"
BP0330,"ถุงเท้าเด็ก ปลายประดับตุ๊กตา|ขนาด|0-6 เดือน (7-9cm)|6-12 เดือน (10-12cm)|ราคา 100 บาท"
BP0331,"ถุงเท้าเด็ก ปลายประดับตุ๊กตา|ขนาด|0-6 เดือน (7-9cm)|6-12 เดือน (10-12cm)|ราคา 100 บาท"
BP0332,"ถุงเท้าเด็ก ปลายประดับตุ๊กตา|ขนาด|0-6 เดือน (7-9cm)|6-12 เดือน (10-12cm)|ราคา 100 บาท"
BP0333,"ถุงเท้าเด็ก ปลายประดับตุ๊กตา|ขนาด|0-6 เดือน (7-9cm)|6-12 เดือน (10-12cm)|ราคา 100 บาท"
BP0334,"ถุงเท้าเด็ก ปลายประดับตุ๊กตา|ขนาด|0-6 เดือน (7-9cm)|6-12 เดือน (10-12cm)|ราคา 100 บาท"
BP0335,"ถุงเท้าเด็ก ปลายประดับตุ๊กตา|ขนาด|0-6 เดือน (7-9cm)|6-12 เดือน (10-12cm)|ราคา 100 บาท"
BP0336,"ถุงเท้าเด็ก ปลายประดับตุ๊กตา|ขนาด|0-6 เดือน (7-9cm)|6-12 เดือน (10-12cm)|ราคา 100 บาท"
BP0337,"ชุดกะลาสีเรือ|ขนาด|73cm|80cm|85cm|ราคา 430 บาท"
BP0338,"ชุดกะลาสีเรือ|ขนาด|73cm|80cm|85cm|ราคา 430 บาท"
BP0339,"ชุดกะลาสีเรือ|ขนาด|73cm|80cm|85cm|ราคา 430 บาท"
BP0340,"ผ้าคลุมสำหรับเด็ก|85cm|ราคา 470 บาท"
BP0341,"ผ้าคลุมสำหรับเด็ก|85cm|ราคา 470 บาท"
BP0342,"ผ้าคลุมสำหรับเด็ก|85cm|ราคา 470 บาท"
BP0343,"ผ้าคลุมสำหรับเด็ก|85cm|ราคา 470 บาท"
BP0344,"ผ้า+ถาดกันเปื้อน (พับเก็บได้)|27*21*7cm|ราคา 370 บาท"
BP0345,"ผ้า+ถาดกันเปื้อน (พับเก็บได้)|27*21*7cm|ราคา 370 บาท"
BP0346,"รองเท้าสำหรับเด็ก|ขนาด|S : 10-11cm|M : 11-12cm|L : 12-13cm|ราคา 200 บาท"
BP0347,"รองเท้าสำหรับเด็ก|ขนาด|S : 10-11cm|M : 11-12cm|L : 12-13cm|ราคา 200 บาท"
BP0348,"รองเท้าสำหรับเด็ก|ขนาด|S : 10-11cm|M : 11-12cm|L : 12-13cm|ราคา 200 บาท"
BP0349,"รองเท้าสำหรับเด็ก|ขนาด|S : 10-11cm|M : 11-12cm|L : 12-13cm|ราคา 200 บาท"
BP0350,"รองเท้าสำหรับเด็ก|ขนาด|S : 10-11cm|M : 11-12cm|L : 12-13cm|ราคา 200 บาท"
BP0351,"รองเท้าสำหรับเด็ก|ขนาด|S : 10-11cm|M : 11-12cm|L : 12-13cm|ราคา 200 บาท"
BP0352,"รองเท้าสำหรับเด็ก|ขนาด|S : 10-11cm|M : 11-12cm|L : 12-13cm|ราคา 200 บาท"
BP0353,"รองเท้าสำหรับเด็ก|ขนาด|S : 10-11cm|M : 11-12cm|L : 12-13cm|ราคา 200 บาท"
BP0354,"รองเท้าสำหรับเด็ก|ขนาด|S : 10-11cm|M : 11-12cm|L : 12-13cm|ราคา 200 บาท"
BP0355,"รองเท้าสำหรับเด็ก|ขนาด|S : 10-11cm|M : 11-12cm|L : 12-13cm|ราคา 200 บาท"
BP0356,"รองเท้าสำหรับเด็ก|ขนาด|S : 10-11cm|M : 11-12cm|L : 12-13cm|ราคา 200 บาท"
BP0357,"รองเท้าสำหรับเด็ก|ขนาด|S : 10-11cm|M : 11-12cm|L : 12-13cm|ราคา 200 บาท"
BP0358,"รองเท้าสำหรับเด็ก|ขนาด|S : 10-11cm|M : 11-12cm|L : 12-13cm|ราคา 200 บาท"
BP0359,"รองเท้าสำหรับเด็ก|ขนาด|S : 10-11cm|M : 11-12cm|L : 12-13cm|ราคา 200 บาท"
BP0360,"เซ็ตหมวก+ผ้าพันคอสำหรับเด็ก|ขนาด|S : 2-6 เดือน|M : 6-15 เดือน|L : 1-2 ขวบ|ราคา 230 บาท"
BP0361,"เซ็ตหมวก+ผ้าพันคอสำหรับเด็ก|ขนาด|S : 2-6 เดือน|M : 6-15 เดือน|L : 1-2 ขวบ|ราคา 230 บาท"
BP0362,"เซ็ตหมวก+ผ้าพันคอสำหรับเด็ก|ขนาด|S : 2-6 เดือน|M : 6-15 เดือน|L : 1-2 ขวบ|ราคา 230 บาท"
BP0363,"เซ็ตหมวก+ผ้าพันคอสำหรับเด็ก|ขนาด|S : 2-6 เดือน|M : 6-15 เดือน|L : 1-2 ขวบ|ราคา 230 บาท"
BP0364,"เซ็ตหมวก+ผ้าพันคอสำหรับเด็ก|ขนาด|S : 2-6 เดือน|M : 6-15 เดือน|L : 1-2 ขวบ|ราคา 230 บาท"
BP0365,"ชุดเด็กอ่อน|ขนาด|59cm|66cm|73cm|80cm|90cm|ราคา 490 บาท"
BP0366,"ชุดเด็กอ่อน|ขนาด|59cm|66cm|73cm|80cm|90cm|ราคา 490 บาท"
BP0367,"ชุดเด็กอ่อน|ขนาด|59cm|66cm|73cm|80cm|90cm|ราคา 490 บาท"
BP0368,"ชุดเด็กอ่อน|ขนาด|59cm|66cm|73cm|80cm|90cm|ราคา 490 บาท"
BP0369,"ชุดเด็กอ่อน|ขนาด|59cm|66cm|73cm|80cm|90cm|ราคา 490 บาท"
BP0370,"ชุดเด็กอ่อน|ขนาด|59cm|66cm|73cm|80cm|90cm|ราคา 490 บาท"
BP0371,"ชุดแตงโม|ขนาด|66cm|73cm|80cm|85cm|90cm|ราคา 490 บาท"
BP0372,"ชุดสตรอเบอร์รี่|ขนาด|66cm|73cm|80cm|85cm|90cm|ราคา 490 บาท"
BP0373,"ถุงเท้า+พื้นยางกันลื่น|ขนาด|0-6 เดือน (7-9cm)|6-12 เดือน (10-12cm)|ราคา 190 บาท"
BP0374,"ถุงเท้า+พื้นยางกันลื่น|ขนาด|0-6 เดือน (7-9cm)|6-12 เดือน (10-12cm)|ราคา 190 บาท"
BP0375,"ถุงเท้า+พื้นยางกันลื่น|ขนาด|0-6 เดือน (7-9cm)|6-12 เดือน (10-12cm)|ราคา 190 บาท"
BP0376,"ถุงเท้า+พื้นยางกันลื่น|ขนาด|0-6 เดือน (7-9cm)|6-12 เดือน (10-12cm)|ราคา 190 บาท"
BP0377,"ถุงเท้า+พื้นยางกันลื่น|ขนาด|0-6 เดือน (7-9cm)|6-12 เดือน (10-12cm)|ราคา 190 บาท"
BP0378,"ถุงเท้า+พื้นยางกันลื่น|ขนาด|0-6 เดือน (7-9cm)|6-12 เดือน (10-12cm)|ราคา 190 บาท"
BP0379,"ถุงเท้า+พื้นยางกันลื่น|ขนาด|0-6 เดือน (7-9cm)|6-12 เดือน (10-12cm)|ราคา 190 บาท"
BP0380,"ถุงเท้า+พื้นยางกันลื่น|ขนาด|0-6 เดือน (7-9cm)|6-12 เดือน (10-12cm)|ราคา 190 บาท"
BP0381,"ถุงเท้า+พื้นยางกันลื่น|ขนาด|0-6 เดือน (7-9cm)|6-12 เดือน (10-12cm)|ราคา 190 บาท"
BP0382,"ถุงเท้า+พื้นยางกันลื่น|ขนาด|0-6 เดือน (7-9cm)|6-12 เดือน (10-12cm)|ราคา 190 บาท"
BP0383,"ถุงเท้า+พื้นยางกันลื่น|ขนาด|0-6 เดือน (7-9cm)|6-12 เดือน (10-12cm)|ราคา 190 บาท"
BP0384,"ถุงเท้า+พื้นยางกันลื่น|ขนาด|0-6 เดือน (7-9cm)|6-12 เดือน (10-12cm)|ราคา 190 บาท"
BP0385,"ถุงเท้า+พื้นยางกันลื่น|ขนาด|0-6 เดือน (7-9cm)|6-12 เดือน (10-12cm)|ราคา 190 บาท"
BP0386,"เซ็ตกระโปรง+ที่คาดผม|ขนาด|0-3 เดือน (52cm)|3-6 เดือน (59cm)|6-9 เดือน (66cm)|ราคา 550 บาท"
BP0387,"เซ็ตกระโปรง+ที่คาดผม|ขนาด|0-3 เดือน (52cm)|3-6 เดือน (59cm)|6-9 เดือน (66cm)|ราคา 550 บาท"
BP0388,"เซ็ตกระโปรง+ที่คาดผม|ขนาด|0-3 เดือน (52cm)|3-6 เดือน (59cm)|6-9 เดือน (66cm)|ราคา 550 บาท"
BP0389,"เซ็ตกระโปรง+ที่คาดผม|ขนาด|0-3 เดือน (52cm)|3-6 เดือน (59cm)|6-9 เดือน (66cm)|ราคา 550 บาท"
BP0390,"เซ็ตกระโปรง+ที่คาดผม|ขนาด|0-3 เดือน (52cm)|3-6 เดือน (59cm)|6-9 เดือน (66cm)|ราคา 550 บาท"
BP0391,"เซ็ตกระโปรง+ที่คาดผม|ขนาด|0-3 เดือน (52cm)|3-6 เดือน (59cm)|6-9 เดือน (66cm)|ราคา 550 บาท"
BP0392,"เซ็ตกระโปรง+ที่คาดผม|ขนาด|0-3 เดือน (52cm)|3-6 เดือน (59cm)|6-9 เดือน (66cm)|ราคา 550 บาท"
BP0393,"เซ็ตกระโปรง+ที่คาดผม|ขนาด|0-3 เดือน (52cm)|3-6 เดือน (59cm)|6-9 เดือน (66cm)|ราคา 550 บาท"
BP0394,"เซ็ตกระโปรง+ที่คาดผม|ขนาด|0-3 เดือน (52cm)|3-6 เดือน (59cm)|6-9 เดือน (66cm)|ราคา 550 บาท"
BP0395,"เซ็ตกระโปรง+ที่คาดผม|ขนาด|0-3 เดือน (52cm)|3-6 เดือน (59cm)|6-9 เดือน (66cm)|ราคา 550 บาท"
BP0396,"เซ็ตกระโปรง+ที่คาดผม|ขนาด|0-3 เดือน (52cm)|3-6 เดือน (59cm)|6-9 เดือน (66cm)|ราคา 550 บาท"
BP0397,"เซ็ตกระโปรง+ที่คาดผม|ขนาด|0-3 เดือน (52cm)|3-6 เดือน (59cm)|6-9 เดือน (66cm)|ราคา 550 บาท"
BP0398,"เซ็ตกระโปรง+ที่คาดผม|ขนาด|0-3 เดือน (52cm)|3-6 เดือน (59cm)|6-9 เดือน (66cm)|ราคา 550 บาท"
BP0399,"เซ็ตกระโปรง+ที่คาดผม|ขนาด|0-3 เดือน (52cm)|3-6 เดือน (59cm)|6-9 เดือน (66cm)|ราคา 550 บาท"
BP0400,"เซ็ตกระโปรง+ที่คาดผม|ขนาด|0-3 เดือน (52cm)|3-6 เดือน (59cm)|6-9 เดือน (66cm)|ราคา 550 บาท"
BP0401,"เซ็ตกระโปรง+ที่คาดผม|ขนาด|0-3 เดือน (52cm)|3-6 เดือน (59cm)|6-9 เดือน (66cm)|ราคา 550 บาท"
BP0402,"เซ็ตกระโปรง+ที่คาดผม|ขนาด|0-3 เดือน (52cm)|3-6 เดือน (59cm)|6-9 เดือน (66cm)|ราคา 550 บาท"
BP0403,"เซ็ตกระโปรง+ที่คาดผม+กางเกงฟักทอง|ขนาด|0-6 เดือน (59cm)|6-12 เดือน (72cm)|12-18 เดือน (85cm)|ราคา 600 บาท"
BP0404,"เซ็ตเอี๊ยม+ที่คาดผม|ขนาด|0-6 เดือน (59cm)|6-12 เดือน (72cm)|12-18 เดือน (85cm)|ราคา 600 บาท"
BP0405,"เซ็ตผึ้ง|ขนาด|80cm|90cm|95cm|ราคา 420 บาท"
BP0406,"เซ็ตสตรอเบอร์รี่|ขนาด|80cm|90cm|95cm|ราคา 420 บาท"
BP0407,"เซ็ตเต่าทอง|ขนาด|80cm|90cm|95cm|ราคา 420 บาท"
BP0408,"เซ็ตแตงโม|ขนาด|80cm|90cm|95cm|ราคา 420 บาท"
BP0409,"กระเป๋าเป้ผ้าใบ|30*25*10cm|ราคา 270 บาท"
BP0410,"กระเป๋าเป้ผ้าใบ|30*25*10cm|ราคา 270 บาท"
BP0411,"กระเป๋าเป้ผ้าใบ|30*25*10cm|ราคา 270 บาท"
BP0412,"กระเป๋าเป้ผ้าใบ|30*25*10cm|ราคา 270 บาท"
BP0413,"กระเป๋าเป้ผ้าใบ|30*25*10cm|ราคา 270 บาท"
BP0414,"กระเป๋าเป้ผ้าใบ|30*25*10cm|ราคา 270 บาท"
BP0415,"กระเป๋าเป้ผ้าใบ|30*25*10cm|ราคา 270 บาท"
BP0416,"กระเป๋าเป้ผ้าใบ|30*25*10cm|ราคา 270 บาท"
BP0417,"กระเป๋าเป้ผ้าใบ|30*25*10cm|ราคา 270 บาท"
BP0418,"กระเป๋าเป้ผ้าใบ|30*25*10cm|ราคา 270 บาท"
BP0419,"กระเป๋าเป้ผ้าใบ|30*25*10cm|ราคา 270 บาท"
BP0420,"กระเป๋าเป้ผ้าใบ|30*25*10cm|ราคา 270 บาท"
BP0421,"ชุดเด็กอ่อน|ขนาด|80cm|90cm|95cm|ราคา 700 บาท"
BP0422,"ที่คาดผมสำหรับเด็ก|freesize|ราคา 160 บาท"
BP0423,"ที่คาดผมสำหรับเด็ก|freesize|ราคา 160 บาท"
BP0424,"ที่คาดผมสำหรับเด็ก|freesize|ราคา 160 บาท"
BP0425,"ที่คาดผมสำหรับเด็ก|freesize|ราคา 160 บาท"
BP0426,"ที่คาดผมสำหรับเด็ก|freesize|ราคา 160 บาท"
BP0427,"ที่คาดผมสำหรับเด็ก|freesize|ราคา 160 บาท"
BP0428,"ที่คาดผมสำหรับเด็ก|freesize|ราคา 160 บาท"
BP0429,"ที่คาดผมสำหรับเด็ก|freesize|ราคา 160 บาท"
BP0430,"ที่คาดผมสำหรับเด็ก|freesize|ราคา 160 บาท"
BP0431,"ที่คาดผมสำหรับเด็ก|freesize|ราคา 160 บาท"
BP0432,"ที่คาดผมสำหรับเด็ก|freesize|ราคา 160 บาท"
BP0433,"ที่คาดผมสำหรับเด็ก|freesize|ราคา 160 บาท"
BP0434,"ที่คาดผมสำหรับเด็ก|freesize|ราคา 160 บาท"
BP0435,"ที่คาดผมสำหรับเด็ก|freesize|ราคา 160 บาท"
BP0436,"ที่คาดผมสำหรับเด็ก|freesize|ราคา 160 บาท"
BP0437,"ที่คาดผมสำหรับเด็ก|freesize|ราคา 160 บาท"
BP0438,"ที่คาดผมสำหรับเด็ก|freesize|ราคา 160 บาท"
BP0439,"ที่คาดผมสำหรับเด็ก|freesize|ราคา 160 บาท"
BP0440,"ที่คาดผมสำหรับเด็ก|freesize|ราคา 160 บาท"
BP0441,"ที่คาดผมสำหรับเด็ก|freesize|ราคา 160 บาท"
BP0442,"ที่คาดผมสำหรับเด็ก|freesize|ราคา 160 บาท"
BP0443,"ที่คาดผมสำหรับเด็ก|freesize|ราคา 160 บาท"
BP0444,"ที่คาดผมสำหรับเด็ก|freesize|ราคา 160 บาท"
BP0445,"ที่คาดผมสำหรับเด็ก|freesize|ราคา 160 บาท"
BP0446,"ที่คาดผมสำหรับเด็ก|freesize|ราคา 160 บาท"
BP0447,"จุกนมยางแฟนซี|สำหรับเด็กอายุ 2-12 เดือน|ราคา 140 บาท"
BP0448,"จุกนมยางแฟนซี|สำหรับเด็กอายุ 2-12 เดือน|ราคา 140 บาท"
BP0449,"จุกนมยางแฟนซี|สำหรับเด็กอายุ 2-12 เดือน|ราคา 140 บาท"
BP0450,"จุกนมยางแฟนซี|สำหรับเด็กอายุ 2-12 เดือน|ราคา 140 บาท"
BP0451,"จุกนมยางแฟนซี|สำหรับเด็กอายุ 2-12 เดือน|ราคา 140 บาท"
BP0452,"จุกนมยางแฟนซี|สำหรับเด็กอายุ 2-12 เดือน|ราคา 140 บาท"
BP0453,"จุกนมยางแฟนซี|สำหรับเด็กอายุ 2-12 เดือน|ราคา 230 บาท"
BP0454,"จุกนมยางแฟนซี|สำหรับเด็กอายุ 2-12 เดือน|ราคา 230 บาท"
BP0455,"จุกนมยางแฟนซี|สำหรับเด็กอายุ 2-12 เดือน|ราคา 230 บาท"
BP0456,"จุกนมยางแฟนซี|สำหรับเด็กอายุ 2-12 เดือน|ราคา 230 บาท"
,"||ราคา 0 บาท"
,"||ราคา 0 บาท"
,"||ราคา 0 บาท"
,"||ราคา 0 บาท"
,"||ราคา 0 บาท"
,"||ราคา 0 บาท"
,"||ราคา 0 บาท"
,"||ราคา 0 บาท"
,"||ราคา 0 บาท"
,"||ราคา 0 บาท"
,"||ราคา 0 บาท"
,"||ราคา 0 บาท"
,"||ราคา 0 บาท"
,"||ราคา 0 บาท"
,"||ราคา 0 บาท"
,"||ราคา 0 บาท"
,"||ราคา 0 บาท"
,"||ราคา 0 บาท"
,"||ราคา 0 บาท"
,"||ราคา 0 บาท"
,"||ราคา 0 บาท"
,"||ราคา 0 บาท"
,"||ราคา 0 บาท"
,"||ราคา 0 บาท"
,"||ราคา 0 บาท"
,"||ราคา 0 บาท"
,"||ราคา 0 บาท"
,"||ราคา 0 บาท"
,"||ราคา 0 บาท"
,"||ราคา 0 บาท"
,"||ราคา 0 บาท"
,"||ราคา 0 บาท"
,"||ราคา 0 บาท"
,"||ราคา 0 บาท"
,"||ราคา 0 บาท"
,"||ราคา 0 บาท"
,"||ราคา 0 บาท"
,"||ราคา 0 บาท"
,"||ราคา 0 บาท"
,"||ราคา 0 บาท"
,"||ราคา 0 บาท"
,"||ราคา 0 บาท"
,"||ราคา 0 บาท"
,"||ราคา 0 บาท"
,"||ราคา 0 บาท"
,"||ราคา 0 บาท"
,"||ราคา 0 บาท"
,"||ราคา 0 บาท"
,"||ราคา 0 บาท"
,"||ราคา 0 บาท"
,"||ราคา 0 บาท"
,"||ราคา 0 บาท"
,"||ราคา 0 บาท"
,"||ราคา 0 บาท"
,"||ราคา 0 บาท"
,"||ราคา 0 บาท"
,"||ราคา 0 บาท"
,"||ราคา 0 บาท"
,"||ราคา 0 บาท"
,"||ราคา 0 บาท"
,"||ราคา 0 บาท"
,"||ราคา 0 บาท"
,"||ราคา 0 บาท"
,"||ราคา 0 บาท"
,"||ราคา 0 บาท"
,"||ราคา 0 บาท"
,"||ราคา 0 บาท"
,"||ราคา 0 บาท"
,"||ราคา 0 บาท"
,"||ราคา 0 บาท"
,"||ราคา 0 บาท"
,"||ราคา 0 บาท"
,"||ราคา 0 บาท"
,"||ราคา 0 บาท"
,"||ราคา 0 บาท"
,"||ราคา 0 บาท"
,"||ราคา 0 บาท"
,"||ราคา 0 บาท"
,"||ราคา 0 บาท"
,"||ราคา 0 บาท"
,"||ราคา 0 บาท"
,"||ราคา 0 บาท"
,"||ราคา 0 บาท"
,"||ราคา 0 บาท"
,"||ราคา 0 บาท"
,"||ราคา 0 บาท"
,"||ราคา 0 บาท"
,"||ราคา 0 บาท"
,"||ราคา 0 บาท"
,"||ราคา 0 บาท"
,"||ราคา 0 บาท"
,"||ราคา 0 บาท"
,"||ราคา 0 บาท"
,"||ราคา 0 บาท"
,"||ราคา 0 บาท"
,"||ราคา 0 บาท"
,"||ราคา 0 บาท"
,"||ราคา 0 บาท"
,"||ราคา 0 บาท"
,"||ราคา 0 บาท"
,"||ราคา 0 บาท"
,"||ราคา 0 บาท"
,"||ราคา 0 บาท"
,"||ราคา 0 บาท"
,"||ราคา 0 บาท"
,"||ราคา 0 บาท"
,"||ราคา 0 บาท"
,"||ราคา 0 บาท"
,"||ราคา 0 บาท"
,"||ราคา 0 บาท"
,"||ราคา 0 บาท"
,"||ราคา 0 บาท"
,"||ราคา 0 บาท"
,"||ราคา 0 บาท"
,"||ราคา 0 บาท"
,"||ราคา 0 บาท"
,"||ราคา 0 บาท"
,"||ราคา 0 บาท"
,"||ราคา 0 บาท"
,"||ราคา 0 บาท"
,"||ราคา 0 บาท"
,"||ราคา 0 บาท"
,"||ราคา 0 บาท"
,"||ราคา 0 บาท"
,"||ราคา 0 บาท"
,"||ราคา 0 บาท"
,"||ราคา 0 บาท"
,"||ราคา 0 บาท"
,"||ราคา 0 บาท"
,"||ราคา 0 บาท"
,"||ราคา 0 บาท"
,"||ราคา 0 บาท"
,"||ราคา 0 บาท"
,"||ราคา 0 บาท"
,"||ราคา 0 บาท"
,"||ราคา 0 บาท"
,"||ราคา 0 บาท"
,"||ราคา 0 บาท"
,"||ราคา 0 บาท"
,"||ราคา 0 บาท"
,"||ราคา 0 บาท"
,"||ราคา 0 บาท"
,"||ราคา 0 บาท"
,"||ราคา 0 บาท"
,"||ราคา 0 บาท"
,"||ราคา 0 บาท"
,"||ราคา 0 บาท"
,"||ราคา 0 บาท"
,"||ราคา 0 บาท"
,"||ราคา 0 บาท"
,"||ราคา 0 บาท"
,"||ราคา 0 บาท"
,"||ราคา 0 บาท"
,"||ราคา 0 บาท"
,"||ราคา 0 บาท"
,"||ราคา 0 บาท"
,"||ราคา 0 บาท"
,"||ราคา 0 บาท"
,"||ราคา 0 บาท"
,"||ราคา 0 บาท"
,"||ราคา 0 บาท"
,"||ราคา 0 บาท"
,"||ราคา 0 บาท"
,"||ราคา 0 บาท"
,"||ราคา 0 บาท"
,"||ราคา 0 บาท"
,"||ราคา 0 บาท"
,"||ราคา 0 บาท"
,"||ราคา 0 บาท"
,"||ราคา 0 บาท"
,"||ราคา 0 บาท"
,"||ราคา 0 บาท"
,"||ราคา 0 บาท"
,"||ราคา 0 บาท"
,"||ราคา 0 บาท"
,"||ราคา 0 บาท"
,"||ราคา 0 บาท"
,"||ราคา 0 บาท"
,"||ราคา 0 บาท"
,"||ราคา 0 บาท"
,"||ราคา 0 บาท"
,"||ราคา 0 บาท"
,"||ราคา 0 บาท"
,"||ราคา 0 บาท"
,"||ราคา 0 บาท"
,"||ราคา 0 บาท"
,"||ราคา 0 บาท"
,"||ราคา 0 บาท"
,"||ราคา 0 บาท"
,"||ราคา 0 บาท"
,"||ราคา 0 บาท"
,"||ราคา 0 บาท"
,"||ราคา 0 บาท"
,"||ราคา 0 บาท"
,"||ราคา 0 บาท"
,"||ราคา 0 บาท"
,"||ราคา 0 บาท"
,"||ราคา 0 บาท"
,"||ราคา 0 บาท"
,"||ราคา 0 บาท"
,"||ราคา 0 บาท"
,"||ราคา 0 บาท"
,"||ราคา 0 บาท"
,"||ราคา 0 บาท"
,"||ราคา 0 บาท"
,"||ราคา 0 บาท"
,"||ราคา 0 บาท"
,"||ราคา 0 บาท"
,"||ราคา 0 บาท"
,"||ราคา 0 บาท"
,"||ราคา 0 บาท"
,"||ราคา 0 บาท"
,"||ราคา 0 บาท"
,"||ราคา 0 บาท"
,"||ราคา 0 บาท"
,"||ราคา 0 บาท"
,"||ราคา 0 บาท"
,"||ราคา 0 บาท"
,"||ราคา 0 บาท"
,"||ราคา 0 บาท"
,"||ราคา 0 บาท"
,"||ราคา 0 บาท"
,"||ราคา 0 บาท"
,"||ราคา 0 บาท"
,"||ราคา 0 บาท"
,"||ราคา 0 บาท"
,"||ราคา 0 บาท"
,"||ราคา 0 บาท"
,"||ราคา 0 บาท"
,"||ราคา 0 บาท"
,"||ราคา 0 บาท"
,"||ราคา 0 บาท"
,"||ราคา 0 บาท"
,"||ราคา 0 บาท"
,"||ราคา 0 บาท"
,"||ราคา 0 บาท"
,"||ราคา 0 บาท"
,"||ราคา 0 บาท"
,"||ราคา 0 บาท"
,"||ราคา 0 บาท"
,"||ราคา 0 บาท"
,"||ราคา 0 บาท"
,"||ราคา 0 บาท"
,"||ราคา 0 บาท"
,"||ราคา 0 บาท"
