CP0001,"เสื้อกระโปรงเข้าชุด|วัสดุ :  ผ้าลูกไม้|สี: ขาว ดำ|ขนาด|ตัวเสื้อ|ไหล่ 35cm|อก 80cm |แขน 47cm|ยาว 42cm|ตัวกระโปรง|เอว 56-90cm|ยาว 92cm|ราคา 700 บาท"
CP0002,"เสื้อกระโปรงเข้าชุด|วัสดุ :  ผ้าลูกไม้|สี: ขาว ดำ|ขนาด|ตัวเสื้อ|ไหล่ 35cm|อก 80cm |แขน 47cm|ยาว 42cm|ตัวกระโปรง|เอว 56-90cm|ยาว 92cm|ราคา 700 บาท"
CP0003,"เสื้อ|วัสดุ :  ผ้า cotton โปร่ง|สี: ขาว|ขนาด|ตัวเสื้อ|ไหล่ 35cm |อก 54cm|แขน 29cm|ความยาว 64cm|ราคา 240 บาท"
CP0004,"เสื้อแจ็คเก็ต|วัสดุ :  ผ้า cotton ผสม|สี: ดำ แดง|ขนาด|ตัวเสื้อ|ไหล่ 48cm|อก 104cm|แขน 56cm|ยาว 72cm|ราคา 350 บาท"
CP0005,"เสื้อแจ็คเก็ต|วัสดุ :  ผ้า cotton ผสม|สี: ดำ แดง|ขนาด|ตัวเสื้อ|ไหล่ 48cm|อก 104cm|แขน 56cm|ยาว 72cm|ราคา 350 บาท"
CP0006,"เสื้อแขนสั้นลายทาง|วัสดุ :  ผ้า cotton 96%|สี: ดำ ขาว น้ำตาล|ขนาด|ไหล่ 35cm|อก 90-100cm|แขน 19cm|ยาว 56cm|ราคา 260 บาท"
CP0007,"เสื้อแขนสั้นลายทาง|วัสดุ :  ผ้า cotton 96%|สี: ดำ ขาว น้ำตาล|ขนาด|ไหล่ 35cm|อก 90-100cm|แขน 19cm|ยาว 56cm|ราคา 260 บาท"
CP0008,"เสื้อแขนสั้นลายทาง|วัสดุ :  ผ้า cotton 96%|สี: ดำ ขาว น้ำตาล|ขนาด|ไหล่ 35cm|อก 90-100cm|แขน 19cm|ยาว 56cm|ราคา 260 บาท"
CP0009,"เสื้อแจ็คเก็ต|วัสดุ :  ผ้า cotton ผสม|สี: ขาว|ขนาด|ไหล่ 35cm|อก 90cm|แขน 56cm|ยาว 54cm|ราคา 700 บาท"
CP0010,"เสื้อคอเต่า|วัสดุ :  ผ้า wool|สี: ม่วง ดำ ขาว น้ำตาล|ขนาด |ไหล่ 41cm|อก 90-106cm|แขน 19cm|ยาว 60cm|ราคา 560 บาท"
CP0011,"เสื้อคอเต่า|วัสดุ :  ผ้า wool|สี: ม่วง ดำ ขาว น้ำตาล|ขนาด |ไหล่ 41cm|อก 90-106cm|แขน 19cm|ยาว 60cm|ราคา 560 บาท"
CP0012,"เสื้อคอเต่า|วัสดุ :  ผ้า wool|สี: ม่วง ดำ ขาว น้ำตาล|ขนาด |ไหล่ 41cm|อก 90-106cm|แขน 19cm|ยาว 60cm|ราคา 560 บาท"
CP0013,"เสื้อคอเต่า|วัสดุ :  ผ้า wool|สี: ม่วง ดำ ขาว น้ำตาล|ขนาด |ไหล่ 41cm|อก 90-106cm|แขน 19cm|ยาว 60cm|ราคา 560 บาท"
CP0014,"เสื้อคลุมยาว|วัสดุ :  ไหมพรม|สี: ขาว ดำ|ขนาด|ไหล่ 61cm|อก 112cm|แขน 36cm|ยาว 90cm|ราคา 370 บาท"
CP0015,"เสื้อคลุมยาว|วัสดุ :  ไหมพรม|สี: ขาว ดำ|ขนาด|ไหล่ 61cm|อก 112cm|แขน 36cm|ยาว 90cm|ราคา 370 บาท"
CP0016,"เดรสสายเดี่ยว|วัสดุ :  ผ้า cotton|สี: ขาว ดำ ชมพู|ขนาด|สะโพก 70-90cm|ยาว 84cm|ราคา 350 บาท"
CP0017,"เดรสสายเดี่ยว|วัสดุ :  ผ้า cotton|สี: ขาว ดำ ชมพู|ขนาด|สะโพก 70-90cm|ยาว 84cm|ราคา 350 บาท"
CP0018,"เดรสสายเดี่ยว|วัสดุ :  ผ้า cotton|สี: ขาว ดำ ชมพู|ขนาด|อก 70-90cm|ยาว 84cm|ราคา 350 บาท"
CP0019,"เสื้อกางเกงจั๊มป์เอว|วัสดุ :  ผ้า cotton|สี: ขาว ดำ|ขนาด|ตัวเสื้อ|ไหล่ 48cm|อก 106cm|แขน 18cm|ยาว 47|ตัวกางเกง|เอว 54-30cm|สะโพก 92cm|ยาว 85cm|ราคา 490 บาท"
CP0020,"เสื้อกางเกงจั๊มป์เอว|วัสดุ :  ผ้า cotton|สี: ขาว ดำ|ขนาด|ตัวเสื้อ|ไหล่ 48cm|อก 106cm|แขน 18cm|ยาว 47|ตัวกางเกง|เอว 54-30cm|สะโพก 92cm|ยาว 85cm|ราคา 490 บาท"
CP0021,"เสื้อกระโปรงเข้าชุด|วัสดุ :  ผ้าลูกไม้|สี: ขาว ดำ|ขนาด|ตัวเสื้อ|ไหล่ 39cm|อก 92cm|แขน 14cm|ยาว 47cm|ตัวกระโปรง|เอว 50-80cm|ยาว 43cm|ราคา 470 บาท"
CP0022,"เสื้อกระโปรงเข้าชุด|วัสดุ :  ผ้าลูกไม้|สี: ขาว ดำ|ขนาด|ตัวเสื้อ|ไหล่ 39cm|อก 92cm|แขน 14cm|ยาว 47cm|ตัวกระโปรง|เอว 50-80cm|ยาว 43cm|ราคา 470 บาท"
CP0023,"เสื้อผูกโบว์|วัสดุ :  ผ้า cotton|สี: ขาว ดำ เทา แดง|ขนาด |ไหล่ 47cm|อก 92cm|แขน 17cm|ยาว 40cm|ราคา 560 บาท"
CP0024,"เสื้อผูกโบว์|วัสดุ :  ผ้า cotton|สี: ขาว ดำ เทา แดง|ขนาด |ไหล่ 47cm|อก 92cm|แขน 17cm|ยาว 40cm|ราคา 560 บาท"
CP0025,"เสื้อผูกโบว์|วัสดุ :  ผ้า cotton|สี: ขาว ดำ เทา แดง|ขนาด |ไหล่ 47cm|อก 92cm|แขน 17cm|ยาว 40cm|ราคา 560 บาท"
CP0026,"เสื้อผูกโบว์|วัสดุ :  ผ้า cotton|สี: ขาว ดำ เทา แดง|ขนาด |ไหล่ 47cm|อก 92cm|แขน 17cm|ยาว 40cm|ราคา 560 บาท"
CP0027,"กางเกงลูกไม้โปร่ง|วัสดุ :  ผ้าลูกไม้|สี: ขาว ดำ|ขนาด|เอว 54-100cm (ยางยืด)|สะโพก 80cm|ยาว 95cm|ราคา 560 บาท"
CP0028,"กางเกงลูกไม้โปร่ง|วัสดุ :  ผ้าลูกไม้|สี: ขาว ดำ|ขนาด|เอว 54-100cm (ยางยืด)|สะโพก 80cm|ยาว 95cm|ราคา 560 บาท"
CP0029,"เสื้อยืดหน้าแมว|วัสดุ :  ผ้า cotton|สี: ขาว ดำ|ขนาด|ไหล่ 39cm|อก 88cm|แขน 19cm|ยาว 59cm|ราคา 310 บาท"
CP0030,"เสื้อยืดหน้าแมว|วัสดุ :  ผ้า cotton|สี: ขาว ดำ|ขนาด|ไหล่ 39cm|อก 88cm|แขน 19cm|ยาว 59cm|ราคา 310 บาท"
CP0031,"เสื้อคอเต่าแขนกุด|วัสดุ :  ผ้าไหมพรม|สี: ขาว ดำ แดง เทา เขียว|ขนาด |อก 60-100cm|ยาว 52cm|ราคา 280 บาท"
CP0032,"เสื้อคอเต่าแขนกุด|วัสดุ :  ผ้าไหมพรม|สี: ขาว ดำ แดง เทา เขียว|ขนาด |อก 60-100cm|ยาว 52cm|ราคา 280 บาท"
CP0033,"เสื้อคอเต่าแขนกุด|วัสดุ :  ผ้าไหมพรม|สี: ขาว ดำ แดง เทา เขียว|ขนาด |อก 60-100cm|ยาว 52cm|ราคา 280 บาท"
CP0034,"เสื้อคอเต่าแขนกุด|วัสดุ :  ผ้าไหมพรม|สี: ขาว ดำ แดง เทา เขียว|ขนาด |อก 60-100cm|ยาว 52cm|ราคา 280 บาท"
CP0035,"เสื้อคอเต่าแขนกุด|วัสดุ :  ผ้าไหมพรม|สี: ขาว ดำ แดง เทา เขียว|ขนาด |อก 60-100cm|ยาว 52cm|ราคา 280 บาท"
CP0036,"กางเกงยีนส์ขาสั้น|วัสดุ :  ผ้ายีนส์|สี: ยีนส์|ขนาด|S : เอว 58cm/สะโพก 82cm/ยาว 27cm|M : เอว 60cm/สะโพก 84cm/ยาว 28cm|L : เอว 62cm/สะโพก 86cm/ยาว 29cm|ราคา 350 บาท"
CP0037,"กางเกงยีนส์ขาสั้นเอวสูง|วัสดุ :  ผ้ายีนส์|สี: แดง ขาว ดำ เยี่ยวม้า|ขนาด|S : เอว 64cm/สะโพก 80cm/ยาว 28cm|M : เอว 66cm/สะโพก 82cm/ยาว 29cm|L : เอว 68cm/สะโพก 84cm/ยาว 30cm|ราคา 350 บาท"
CP0038,"กางเกงยีนส์ขาสั้นเอวสูง|วัสดุ :  ผ้ายีนส์|สี: แดง ขาว ดำ เยี่ยวม้า|ขนาด|S : เอว 64cm/สะโพก 80cm/ยาว 28cm|M : เอว 66cm/สะโพก 82cm/ยาว 29cm|L : เอว 68cm/สะโพก 84cm/ยาว 30cm|ราคา 350 บาท"
CP0039,"กางเกงยีนส์ขาสั้นเอวสูง|วัสดุ :  ผ้ายีนส์|สี: แดง ขาว ดำ เยี่ยวม้า|ขนาด|S : เอว 64cm/สะโพก 80cm/ยาว 28cm|M : เอว 66cm/สะโพก 82cm/ยาว 29cm|L : เอว 68cm/สะโพก 84cm/ยาว 30cm|ราคา 350 บาท"
CP0040,"กางเกงยีนส์ขาสั้นเอวสูง|วัสดุ :  ผ้ายีนส์|สี: แดง ขาว ดำ เยี่ยวม้า|ขนาด|S : เอว 64cm/สะโพก 80cm/ยาว 28cm|M : เอว 66cm/สะโพก 82cm/ยาว 29cm|L : เอว 68cm/สะโพก 84cm/ยาว 30cm|ราคา 350 บาท"
CP0041,"เดรสผ้าระบาย|วัสดุ :  ผ้าชีฟอง|สี: เหลือง ขาว เทา ดำ|ขนาด|ไหล่ 30cm|อก 82cm|ยาว 77cm|ราคา 480 บาท"
CP0042,"เดรสผ้าระบาย|วัสดุ :  ผ้าชีฟอง|สี: เหลือง ขาว เทา ดำ|ขนาด|ไหล่ 30cm|อก 82cm|ยาว 77cm|ราคา 480 บาท"
CP0043,"เดรสผ้าระบาย|วัสดุ :  ผ้าชีฟอง|สี: เหลือง ขาว เทา ดำ|ขนาด|ไหล่ 30cm|อก 82cm|ยาว 77cm|ราคา 480 บาท"
CP0044,"เดรสผ้าระบาย|วัสดุ :  ผ้าชีฟอง|สี: เหลือง ขาว เทา ดำ|ขนาด|ไหล่ 30cm|อก 82cm|ยาว 77cm|ราคา 480 บาท"
CP0045,"กางเกงขายาว|วัสดุ :  ผ้า cotton เข้ารูป|สี: ขาว ดำ|ขนาด|S : เอว 62-78cm/สะโพก 70-92cm/ยาว 91cm|M : เอว 66-84cm/สะโพก 72-96cm/ยาว 91cm|L : เอว 68-86cm/สะโพก 74-98cm/ยาว 91cm|ราคา 380 บาท"
CP0046,"กางเกงขายาว|วัสดุ :  ผ้า cotton เข้ารูป|สี: ขาว ดำ|ขนาด|S : เอว 62-78cm/สะโพก 70-92cm/ยาว 91cm|M : เอว 66-84cm/สะโพก 72-96cm/ยาว 91cm|L : เอว 68-86cm/สะโพก 74-98cm/ยาว 91cm|ราคา 380 บาท"
CP0047,"เดรสลูกไม้|วัสดุ :  ผ้าลูกไม้|สี: ขาว ดำ|ขนาด|ไหล่ 34cm|อก 98cm|แขน 23cm|ยาว 76cm|ราคา 450 บาท"
CP0048,"เดรสลูกไม้|วัสดุ :  ผ้าลูกไม้|สี: ขาว ดำ|ขนาด|ไหล่ 34cm|อก 98cm|แขน 23cm|ยาว 76cm|ราคา 450 บาท"
CP0049,"คาดิแกน|วัสดุ :  ผ้า cotton|สี: ดำลายขาว|ขนาด |ไหล่ 60cm|อก 110cm|แขน 18cm|ยาว 94cm|ราคา 370 บาท"
CP0050,"เสื้อคลุมลูกไม้|วัสดุ :  ผ้าลูกไม้|สี: ขาว ดำ|ขนาด|ไหล่ 39cm|อก 100cm|แขน 55cm|ยาว 83cm|ราคา 450 บาท"
CP0051,"เสื้อคลุมลูกไม้|วัสดุ :  ผ้าลูกไม้|สี: ขาว ดำ|ขนาด|ไหล่ 39cm|อก 100cm|แขน 55cm|ยาว 83cm|ราคา 450 บาท"
CP0052,"กางเกงขาสั้นลูกไม้|วัสดุ :  ผ้าลูกไม้|สี: ขาว ดำ|ขนาด|เอว 54-70cm (ยางยืด)|สะโพก 84cm|ยาว 32cm|ราคา 280 บาท"
CP0053,"กางเกงขาสั้นลูกไม้|วัสดุ :  ผ้าลูกไม้|สี: ขาว ดำ|ขนาด|เอว 54-70cm (ยางยืด)|สะโพก 84cm|ยาว 32cm|ราคา 280 บาท"
CP0054,"เดรส|วัสดุ :  ผ้า cotton|สี: ขาว ดำ เทา|ขนาด|ไหล่ 61cm|อก 102cm|แขน 18cm|ยาว(ด้านหน้า) 89cm|ยาว(ด้านหลัง) 94cm|ราคา 310 บาท"
CP0055,"เดรส|วัสดุ :  ผ้า cotton|สี: ขาว ดำ เทา|ขนาด|ไหล่ 61cm|อก 102cm|แขน 18cm|ยาว(ด้านหน้า) 89cm|ยาว(ด้านหลัง) 94cm|ราคา 310 บาท"
CP0056,"เดรส|วัสดุ :  ผ้า cotton|สี: ขาว ดำ เทา|ขนาด|ไหล่ 61cm|อก 102cm|แขน 18cm|ยาว(ด้านหน้า) 89cm|ยาว(ด้านหลัง) 94cm|ราคา 310 บาท"
CP0057,"กางเกงผ้าจั๊มป์ข้อเท้า|วัสดุ :  ผ้า cotton|สี: ดำ|ขนาด|S : เอว 64cm/สะโพก 83cm/ยาว 100cm|M : เอว 66cm/สะโพก 84cm/ยาว 102cm|ราคา 350 บาท"
CP0058,"เดรส|วัสดุ :  ผ้า cotton|สี: ขาว ดำ เทา|ขนาด|ไหล่ 37cm|อก 100cm|แขน 22cm|ยาว 79cm|ราคา 350 บาท"
CP0059,"เดรส|วัสดุ :  ผ้า cotton|สี: ขาว ดำ เทา|ขนาด|ไหล่ 37cm|อก 100cm|แขน 22cm|ยาว 79cm|ราคา 350 บาท"
CP0060,"เดรส|วัสดุ :  ผ้า cotton|สี: ขาว ดำ เทา|ขนาด|ไหล่ 37cm|อก 100cm|แขน 22cm|ยาว 79cm|ราคา 350 บาท"
CP0061,"เสื้อคลุม|วัสดุ :  ผ้าชีฟอง|สี: ขาว|ขนาด |ไหล่ 67cm|อก 114cm|แขน 27cm|ยาว(ด้านหน้า) 48cm|(ด้านหลัง) 70cm|ราคา 400 บาท"
CP0062,"สูท casual แขนกุด|วัสดุ :  ผ้าสูท|สี: น้ำตาลอ่อน|ขนาด |ไหล่ 38cm|อก 88cm|ยาว 73cm|ราคา 490 บาท"
CP0063,"เสื้อกล้าม|วัสดุ :  ผ้าลูกไม้|สี: ขาว ครีม ดำ|ขนาด |ไหล่ 33cm|อก 86cm|ยาว 46cm|ราคา 280 บาท"
CP0064,"เสื้อกล้าม|วัสดุ :  ผ้าลูกไม้|สี: ขาว ครีม ดำ|ขนาด |ไหล่ 33cm|อก 86cm|ยาว 46cm|ราคา 280 บาท"
CP0065,"เสื้อกล้าม|วัสดุ :  ผ้าลูกไม้|สี: ขาว ครีม ดำ|ขนาด |ไหล่ 33cm|อก 86cm|ยาว 46cm|ราคา 280 บาท"
CP0066,"เสื้อ+กางเกง|วัสดุ :  ผ้า cotton|สี: ขาวดำ|ขนาด|S : เสื้อ ไหล่ 36cm/อก 90cm/แขน 17cm/ยาว 39cm|กางเกง เอว 48-88cm/สะโพก  92cm/ยาว 86cm|M : เสื้อ ไหล่ 37cm/อก 92cm/แขน 18cm/ยาว 40cm|กางเกง เอว 50-90cm/สะโพก  94cm/ยาว 87cm|ราคา 590 บาท"
CP0067,"เสื้อโชว์ไหล่|วัสดุ :  ผ้า cotton ผสม|สี: แดงลายสก๊อต|ขนาด |อก 92cm|ไหล่ 52cm|ยาว 61cm|ราคา 260 บาท"
CP0068,"กางเกง|วัสดุ :  ผ้าชีฟอง|สี: ดำ|ขนาด |เอว 54-90cm|สะโพก 80cm|ยาว 85cm|ราคา 350 บาท"
CP0069,"เสื้อ|วัสดุ :  ผ้า cotton|สี: รุ้ง|ขนาด|ไหล่ 57cm|อก 104cm|แขน 16cm|ยาว 75cm|ราคา 420 บาท"
CP0070,"เสื้อโชว์ไหล่|วัสดุ :  ผ้า cotton|สี: ขาว ดำ เทา|ขนาด |อก 80-92cm|แขน 9cm|ยาว 54cm|ราคา 230 บาท"
CP0071,"เสื้อโชว์ไหล่|วัสดุ :  ผ้า cotton|สี: ขาว ดำ เทา|ขนาด |อก 80-92cm|แขน 9cm|ยาว 54cm|ราคา 230 บาท"
CP0072,"เสื้อโชว์ไหล่|วัสดุ :  ผ้า cotton|สี: ขาว ดำ เทา|ขนาด |อก 80-92cm|แขน 9cm|ยาว 54cm|ราคา 230 บาท"
CP0073,"กางเกงทรงใหญ่|วัสดุ :  ผ้า cotton ผสม|สี: เทา|ขนาด|S : เอว 66cm/สะโพก 110cm/ยาว 86cm|M : เอว 70cm/สะโพก 114cm/ยาว 87cm|L : เอว 74cm/สะโพก 114cm/ยาว 88cm|ราคา 400 บาท"
CP0074,"เดรส|วัสดุ :  ผ้าลูกไม้+ซับใน|สี: ขาว ดำ แดง|ขนาด |ไหล่ 30cm|อก 80cm|ยาว 66cm|ราคา 420 บาท"
CP0075,"เดรส|วัสดุ :  ผ้าลูกไม้+ซับใน|สี: ขาว ดำ แดง|ขนาด |ไหล่ 30cm|อก 80cm|ยาว 66cm|ราคา 420 บาท"
CP0076,"เดรส|วัสดุ :  ผ้าลูกไม้+ซับใน|สี: ขาว ดำ แดง|ขนาด |ไหล่ 30cm|อก 80cm|ยาว 66cm|ราคา 420 บาท"
CP0077,"เสื้อ|วัสดุ :  ผ้า cotton|สี: ขาว ดำ|ขนาด|ไหล่ 41cm|อก 94cm|แขน 11cm|ยาว 92cm|ราคา 260 บาท"
CP0078,"เสื้อ|วัสดุ :  ผ้า cotton|สี: ขาว ดำ|ขนาด|ไหล่ 41cm|อก 94cm|แขน 11cm|ยาว 92cm|ราคา 260 บาท"
CP0079,"เสื้อเกาะอก|วัสดุ :  ผ้าลูกไม้|สี: ขาว|ขนาด|อก 100cm|แขน 22cm|ยาว 48cm|ราคา 420 บาท"
CP0080,"กระโปรง|วัสดุ :  ผ้ามุ้ง|สี: ดำ|ขนาด|เอว 54-94cm (ยางยืด)|สะโพก 94cm|ยาว 76cm|ราคา 310 บาท"
CP0081,"เดรส|วัสดุ :  ผ้า cotton+ลูกไม้|สี: ดำ|ขนาด|ไหล่ 34cm|อก 94cm|แขน 25cm|ยาว 82cm|ราคา 420 บาท"
CP0082,"แจ็คเก็ต|วัสดุ :  ผ้ายีนส์|สี: ยีนส์|ขนาด|ไหล่ 34cm|อก 90cm|แขน 52cm|ยาว 80cm|ราคา 700 บาท"
CP0083,"เสื้อเชิ้ต|วัสดุ :  ผ้า cotton|สี: ขาว แดง|ขนาด|ไหล่ 35cm|อก 90cm|แขน 54cm|ยาว 57cm|ราคา 490 บาท"
CP0084,"เสื้อเชิ้ต|วัสดุ :  ผ้า cotton|สี: ขาว แดง|ขนาด|ไหล่ 35cm|อก 90cm|แขน 54cm|ยาว 57cm|ราคา 490 บาท"
CP0085,"เดรส|วัสดุ :  ผ้า cotton ผสม|สี: น้ำเงินกรมท่า|ขนาด|ไหล่ 33cm|อก 84cm|แขน 19cm|ยาว 71cm|ราคา 350 บาท"
CP0086,"เสื้อ+กางเกง|วัสดุ :  ผ้า cotton ผสม|สี: ขาว ดำ|ขนาด|ตัวเสื้อ|ไหล่ 34cm|อก 86cm|แขน 43cm|ยาว 54cm|ตัวกางเกง|เอว 66cm|สะโพก 94cm|ยาว 66cm|ราคา 560 บาท"
CP0087,"เสื้อ+กางเกง|วัสดุ :  ผ้า cotton ผสม|สี: ขาว ดำ|ขนาด|ตัวเสื้อ|ไหล่ 34cm|อก 86cm|แขน 43cm|ยาว 54cm|ตัวกางเกง|เอว 66cm|สะโพก 94cm|ยาว 66cm|ราคา 560 บาท"
CP0088,"เสื้อคลุมยาว|วัสดุ :  ผ้า cotton+ชีฟอง|สี: ขาว ดำ|ขนาด|ไหล่ 41cm|อก 102cm|แขน 51cm|ยาว 100cm|ราคา 420 บาท"
CP0089,"เสื้อคลุมยาว|วัสดุ :  ผ้า cotton+ชีฟอง|สี: ขาว ดำ|ขนาด|ไหล่ 41cm|อก 102cm|แขน 51cm|ยาว 100cm|ราคา 420 บาท"
CP0090,"เดรส|วัสดุ :  ผ้า cotton+ลูกไม้|สี: ขาว ดำ|ขนาด|ไหล่ 36cm|อก 98cm|แขน 50cm|ยาว 78cm|ราคา 560 บาท"
CP0091,"เดรส|วัสดุ :  ผ้า cotton+ลูกไม้|สี: ขาว ดำ|ขนาด|ไหล่ 36cm|อก 98cm|แขน 50cm|ยาว 78cm|ราคา 560 บาท"
CP0092,"เสื้อเชิ้ต|วัสดุ :  ผ้า cotton|สี: แดง น้ำเงิน|ขนาด|ไหล่ 50cm|อก 100cm|แขน 46cm|ยาว 66cm|ราคา 310 บาท"
CP0093,"เสื้อเชิ้ต|วัสดุ :  ผ้า cotton|สี: แดง น้ำเงิน|ขนาด|ไหล่ 50cm|อก 100cm|แขน 46cm|ยาว 66cm|ราคา 310 บาท"
CP0094,"เสื้อตัวยาว|วัสดุ :  ผ้า wool|สี: เทา ดำ|ขนาด|ไหล่ 58cm|อก 100cm|แขน 11cm|ยาว 104cm|ราคา 340 บาท"
CP0095,"เสื้อตัวยาว|วัสดุ :  ผ้า wool|สี: เทา ดำ|ขนาด|ไหล่ 58cm|อก 100cm|แขน 11cm|ยาว 104cm|ราคา 340 บาท"
CP0096,"เสื้อ|วัสดุ :  ผ้า cotton+ลูกไม้|สี: ขาว ดำ|ขนาด|อก 90cm|แขน 43cm|ยาว 79cm|ราคา 350 บาท"
CP0097,"เสื้อ|วัสดุ :  ผ้า cotton+ลูกไม้|สี: ขาว ดำ|ขนาด|อก 90cm|แขน 43cm|ยาว 79cm|ราคา 350 บาท"
CP0098,"เสื้อเชิ้ตยาว|วัสดุ :  ผ้า cotton|สี: ขาว ดำ|ขนาด|ไหล่ 40cm|อก 96cm|แขน 38cm|ยาว 57cm|ราคา 380 บาท"
CP0099,"เสื้อเชิ้ตยาว|วัสดุ :  ผ้า cotton|สี: ขาว ดำ|ขนาด|ไหล่ 40cm|อก 96cm|แขน 38cm|ยาว 57cm|ราคา 380 บาท"
CP0100,"เดรสจั๊มป์เอว|วัสดุ :  ผ้าลูกไม้|สี: ขาว ดำ ชมพู|ขนาด|ตัวเสื้อ|ไหล่ 30cm|อก 84cm|แขน 15cm|ยาว 47cm|ตัวกระโปรง|เอว 60-90cm|ยาว 42cm|ราคา 590 บาท"
CP0101,"เดรสจั๊มป์เอว|วัสดุ :  ผ้าลูกไม้|สี: ขาว ดำ ชมพู|ขนาด|ตัวเสื้อ|ไหล่ 30cm|อก 84cm|แขน 15cm|ยาว 47cm|ตัวกระโปรง|เอว 60-90cm|ยาว 42cm|ราคา 590 บาท"
CP0102,"เดรสจั๊มป์เอว|วัสดุ :  ผ้าลูกไม้|สี: ขาว ดำ ชมพู|ขนาด|ตัวเสื้อ|ไหล่ 30cm|อก 84cm|แขน 15cm|ยาว 47cm|ตัวกระโปรง|เอว 60-90cm|ยาว 42cm|ราคา 590 บาท"
CP0103,"เดรส|วัสดุ :  ผ้า cotton|สี: ขาว ดำ|ขนาด|ไหล่ 69cm|อก 94cm|แขน 37cm|ยาว 70cm|ราคา 490 บาท"
CP0104,"เดรส|วัสดุ :  ผ้า cotton|สี: ขาว ดำ|ขนาด|ไหล่ 69cm|อก 94cm|แขน 37cm|ยาว 70cm|ราคา 490 บาท"
CP0105,"เอี๊ยม|วัสดุ :  ผ้ายีนส์|สี: ขาว|ขนาด|S : เอว 76cm/สะโพก 96cm/ยาว 28cm|M : เอว 80cm/สะโพก 100cm/ยาว 29cm|L : เอว 83cm/สะโพก 104cm/ยาว 30cm|ราคา 470 บาท"
CP0106,"เดรส|วัสดุ :  ผ้า cotton|สี: ขาว|ขนาด|ไหล่ 50cm|อก 104cm|แขน 25cm|ยาว 71cm|ราคา 420 บาท"
CP0107,"เสื้อคลุม|วัสดุ :  ผ้าชีฟอง|สี: ขาว ดำ|ขนาด|ไหล่ 54cm|อก 108cm|แขน 20cm|ยาว 88cm|ราคา 310 บาท"
CP0108,"เสื้อคลุม|วัสดุ :  ผ้าชีฟอง|สี: ขาว ดำ|ขนาด|ไหล่ 54cm|อก 108cm|แขน 20cm|ยาว 88cm|ราคา 310 บาท"
CP0109,"เดรส|วัสดุ :  ผ้า cotton|สี: ดำ|ขนาด|ไหล่ 56cm|อก 114cm|แขน 24cm|ยาว 78cm|ราคา 560 บาท"
CP0110,"เสื้อ|วัสดุ :  ผ้า cotton|สี: ขาว|ขนาด|ไหล่ 40cm|อก 88cm|แขน 16cm|ยาว 70cm|ราคา 310 บาท"
CP0111,"เสื้อเชิ้ต|วัสดุ :  ผ้า cotton|สี: ขาว|ขนาด|ไหล่ 41cm|อก 48cm|แขน 60cm|ยาว 69cm|ราคา 370 บาท"
CP0112,"เดรส|วัสดุ :  ผ้า cotton|สี: ขาว ดำ|ขนาด|ไหล่ 44cm|อก 100cm|แขน 21cm|ยาว 88cm|ราคา 280 บาท"
CP0113,"เดรส|วัสดุ :  ผ้า cotton|สี: ขาว ดำ|ขนาด|ไหล่ 44cm|อก 100cm|แขน 21cm|ยาว 88cm|ราคา 280 บาท"
CP0114,"เสื้อ+เอี๊ยม|วัสดุ :  ผ้า cotton|สี: ดำ|ขนาด|S : เสื้อ ไหล่ 32cm/อก 74-100cm/แขน 17cm/ยาว 47cm|เอี๊ยม อก 90cm/ยาว 81cm|M : เสื้อ ไหล่ 34cm/อก 76-102cm/แขน 18cm/ยาว 48cm|เอี๊นม อก 92cm/ยาว 82cm|ราคา 450 บาท"
CP0115,"เดรส|วัสดุ :  ผ้า wool ผสม กลิตเตอร์|สี: เทา ดำ|ขนาด|ไหล่ 33cm|อก 82cm|แขน 17cm|ยาว 74cm|ราคา 490 บาท"
CP0116,"เดรส|วัสดุ :  ผ้า wool ผสม กลิตเตอร์|สี: เทา ดำ|ขนาด|ไหล่ 33cm|อก 82cm|แขน 17cm|ยาว 74cm|ราคา 490 บาท"
CP0117,"เอี๊ยม|วัสดุ :  ผ้า cotton|สี: ดำ|ขนาด|เอว 60-80cm|สะโพก 88cm|ยาว 91cm|ราคา 350 บาท"
CP0118,"ชุดเสื้อ+กางเกง|วัสดุ :  ผ้า cotton|สี: เทา|ขนาด|เสื้อ|อก 86cm|แขน 31cm|ยาว 57cm|กางเกง|เอว 68cm|สะโพก 88cm|ยาว 31cm|ราคา 770 บาท"
CP0119,"เสื้อ|วัสดุ :  ผ้า cotton ผสม|สี: ขาว ดำ|ขนาด|ไหล่ 42cm|อก 84cm|แขน 18cm|ยาว 49cm| ||ราคา 230 บาท"
CP0120,"เสื้อ|วัสดุ :  ผ้า cotton ผสม|สี: ขาว ดำ|ขนาด|ไหล่ 42cm|อก 84cm|แขน 18cm|ยาว 49cm| ||ราคา 230 บาท"
CP0121,"กางเกง|วัสดุ :  ผ้า cotton|สี: เทา|ขนาด|เอว 60-90cm|ยาว 89cm|ราคา 270 บาท"
CP0122,"แจ็คเก็ต|วัสดุ :  หนัง|สี: เงิน ทอง|ขนาด|ไหล่ 38cm|อก 95cm|แขน 60cm|ยาว 60cm|ราคา 550 บาท"
CP0123,"แจ็คเก็ต|วัสดุ :  หนัง|สี: เงิน ทอง|ขนาด|ไหล่ 38cm|อก 95cm|แขน 60cm|ยาว 60cm|ราคา 550 บาท"
CP0124,"เสื้อคลุมตัวยาว|วัสดุ :  ผ้า cotton|สี: ดำ|ขนาด|อก 98cm|แขน 51cm|ยาว 82cm|ราคา 480 บาท"
CP0125,"กระโปรง|วัสดุ :  ผ้ามุ้ง|สี: เทา ชมพู|ขนาด|เอว 54cm (ยางยืด)|ยาว 62cm|ราคา 220 บาท"
CP0126,"กระโปรง|วัสดุ :  ผ้ามุ้ง|สี: เทา ชมพู|ขนาด|เอว 54cm (ยางยืด)|ยาว 62cm|ราคา 220 บาท"
CP0127,"เสื้อคลุมตัวยาว|วัสดุ :  ผ้า cotton|สี: เทา ฟ้า|ขนาด|ไหล่ 50cm|อก 112cm|แขน 42cm|ยาว 94cm|ราคา 380 บาท"
CP0128,"เสื้อคลุมตัวยาว|วัสดุ :  ผ้า cotton|สี: เทา ฟ้า|ขนาด|ไหล่ 50cm|อก 112cm|แขน 42cm|ยาว 94cm|ราคา 380 บาท"
CP0129,"เสื้อเชิ้ต|วัสดุ :  ผ้า cotton ผสม|สี: ขาว กรมท่า แดง ชา|ขนาด|ไหล่ 40cm|อก 100cm|แขน 57cm|ยาว 51cm|ราคา 330 บาท"
CP0130,"เสื้อเชิ้ต|วัสดุ :  ผ้า cotton ผสม|สี: ขาว กรมท่า แดง ชา|ขนาด|ไหล่ 40cm|อก 100cm|แขน 57cm|ยาว 51cm|ราคา 330 บาท"
CP0131,"เสื้อเชิ้ต|วัสดุ :  ผ้า cotton ผสม|สี: ขาว กรมท่า แดง ชา|ขนาด|ไหล่ 40cm|อก 100cm|แขน 57cm|ยาว 51cm|ราคา 330 บาท"
CP0132,"เสื้อเชิ้ต|วัสดุ :  ผ้า cotton ผสม|สี: ขาว กรมท่า แดง ชา|ขนาด|ไหล่ 40cm|อก 100cm|แขน 57cm|ยาว 51cm|ราคา 330 บาท"
CP0133,"เสื้อเชิ้ต|วัสดุ :  ผ้า cotton ผสม|สี: ขาว กรมท่า แดง ชา|ขนาด|ไหล่ 40cm|อก 100cm|แขน 57cm|ยาว 51cm|ราคา 330 บาท"
CP0134,"เสื้อ|วัสดุ :  ผ้า cotton|สี: ขาว ดำ ฟ้า|ขนาด|ไหล่ 37cm|อก 90cm|แขน 25cm|ยาว 52cm|ราคา 370 บาท"
CP0135,"เสื้อ|วัสดุ :  ผ้า cotton|สี: ขาว ดำ ฟ้า|ขนาด|ไหล่ 37cm|อก 90cm|แขน 25cm|ยาว 52cm|ราคา 370 บาท"
CP0136,"เสื้อ|วัสดุ :  ผ้า cotton|สี: ขาว ดำ ฟ้า|ขนาด|ไหล่ 37cm|อก 90cm|แขน 25cm|ยาว 52cm|ราคา 370 บาท"
CP0137,"เสื้อโค้ท|วัสดุ :  ผ้า wool|สี: ขาว ดำ|ขนาด|อก 109cm|แขน 36cm|ยาว 91cm|ราคา 400 บาท"
CP0138,"เสื้อโค้ท|วัสดุ :  ผ้า wool|สี: ขาว ดำ|ขนาด|อก 109cm|แขน 36cm|ยาว 91cm|ราคา 400 บาท"
CP0139,"กางเกง|วัสดุ :  ผ้ามุ้ง|สี: ดำ|ขนาด|เอว 60-94cm|ยาว 84cm|ราคา 280 บาท"
CP0140,"กางเกง|วัสดุ :  ผ้า cotton|สี: ขาว ดำ|ขนาด|เอว 58-88cm|สะโพก 92-104cm|ยาว 30cm|ราคา 310 บาท"
CP0141,"กางเกง|วัสดุ :  ผ้า cotton|สี: ขาว ดำ|ขนาด|เอว 58-88cm|สะโพก 92-104cm|ยาว 30cm|ราคา 310 บาท"
CP0142,"เสื้อคลุมยาว|วัสดุ :  ผ้า wool|สี: ดำ เทา|ขนาด|อก 100cm|แขน 56cm|ยาว 100cm|ราคา 420 บาท"
CP0143,"เสื้อคลุมยาว|วัสดุ :  ผ้า wool|สี: ดำ เทา|ขนาด|อก 100cm|แขน 56cm|ยาว 100cm|ราคา 420 บาท"
CP0144,"เสื้อแจ็คเก็ต|วัสดุ :  ผ้า cotton|สี: ตามรูป|ขนาด|อก 108cm|แขน 67cm|ยาว 55cm|ราคา 400 บาท"
CP0145,"เสื้อคลุม|วัสดุ :  ผ้าชีฟอง มีสายรัดเอว|สี: ดอกไม้|ขนาด|M : อก 98cm/ยาว 89cm|L : อก 102cm/ยาว 90cm|ราคา 400 บาท"
CP0146,"เดรส|วัสดุ :  ผ้าไหมแก้ว|สี: น้ำเงิน|ขนาด|ไหล่ 38cm|อก 80cm|เอว 66cm|ยาว 104cm|ราคา 340 บาท"
CP0147,"เสื้อ|วัสดุ :  ผ้า cotton|สี: กรมท่า|ขนาด|อก 102cm|แขน 68cm|ยาว 57cm|ราคา 230 บาท"
CP0148,"เสื้อโชว์ไหล่|วัสดุ :  ผ้าไหมพรม|สี: ชมพู|ขนาด|ไหล่ 98cm|อก 98cm|ยาว 60cm|ราคา 520 บาท"
CP0149,"เสื้อคลุมยาว|วัสดุ :  ผ้าชีฟอง|สี: ขาว ดำ|ขนาด|อก freesize|แขน 43cm|ยาว 76cm|ราคา 210 บาท"
CP0150,"เสื้อคลุมยาว|วัสดุ :  ผ้าชีฟอง|สี: ขาว ดำ|ขนาด|อก freesize|แขน 43cm|ยาว 76cm|ราคา 210 บาท"
CP0151,"แจ็คเก็ต (ด้านหลังพิมพ์ลายเดียวกันทุกสี)|วัสดุ :  ผ้า cotton|สี: ขาว กรมท่า น้ำตาล|ขนาด|ไหล่ 72cm|อก 136cm|แขน 39cm|ยาว 76cm|ราคา 480 บาท"
CP0152,"แจ็คเก็ต (ด้านหลังพิมพ์ลายเดียวกันทุกสี)|วัสดุ :  ผ้า cotton|สี: ขาว กรมท่า น้ำตาล|ขนาด|ไหล่ 72cm|อก 136cm|แขน 39cm|ยาว 76cm|ราคา 480 บาท"
CP0153,"แจ็คเก็ต (ด้านหลังพิมพ์ลายเดียวกันทุกสี)|วัสดุ :  ผ้า cotton|สี: ขาว กรมท่า น้ำตาล|ขนาด|ไหล่ 72cm|อก 136cm|แขน 39cm|ยาว 76cm|ราคา 480 บาท"
CP0154,"แจ็คเก็ต (ด้านหลังพิมพ์ลายเดียวกันทุกสี)|วัสดุ :  ผ้า cotton|สี: ขาว กรมท่า น้ำตาล|ขนาด|ไหล่ 72cm|อก 136cm|แขน 39cm|ยาว 76cm|ราคา 480 บาท"
CP0155,"เสื้อกันหนาว+ฮู้ด|วัสดุ :  ผ้า Acrylic|สี: เหลือง ชมพู|ขนาด|ไหล่ 42cm|อก 96cm|แขน 56cm|ฮู้ด 30cm|ยาว 56cm|ราคา 410 บาท"
CP0156,"เสื้อ WITHOUT|วัสดุ :  ผ้า cotton|สี: เทา ขาว|ขนาด |อก 104cm|แขน 55cm|ยาว 78cm||ราคา 270 บาท"
CP0157,"เสื้อ WITHOUT|วัสดุ :  ผ้า cotton|สี: เทา ขาว|ขนาด |อก 104cm|แขน 55cm|ยาว 78cm||ราคา 270 บาท"
CP0158,"เสื้อสายเดี่ยว|วัสดุ :  ผ้า cotton|สี: ขาว ดำ|ขนาด|ไหล่ 37-40cm|อก 90cm|ยาว 51cm|ราคา 270 บาท"
CP0159,"เสื้อสายเดี่ยว|วัสดุ :  ผ้า cotton|สี: ขาว ดำ|ขนาด|ไหล่ 37-40cm|อก 90cm|ยาว 51cm|ราคา 270 บาท"
CP0160,"เสื้อ|วัสดุ :  ผ้ากำมะหยี่|สี: น้ำตาลอ่อน น้ำตาลเข้ม แดง ดำ|ขนาด|ไหล่ 40cm|อก 120cm|แขน 24cm|ยาว 64-69cm|ราคา 310 บาท"
CP0161,"เสื้อ|วัสดุ :  ผ้ากำมะหยี่|สี: น้ำตาลอ่อน น้ำตาลเข้ม แดง ดำ|ขนาด|ไหล่ 40cm|อก 120cm|แขน 24cm|ยาว 64-69cm|ราคา 310 บาท"
CP0162,"เดรส|วัสดุ :  ผ้า cotton|สี: ขาว ดำ|ขนาด |ไหล่ 35cm|อก 88-100cm|แขน 20cm|ยาว 92cm|ราคา 220 บาท"
CP0163,"เดรส|วัสดุ :  ผ้าไหมแก้ว|สี: ขาว ดำ|ขนาด|ไหล่ 41cm|อก 100cm|แขน 43cm|ยาว 68cm|ราคา 310 บาท"
CP0164,"เดรส|วัสดุ :  ผ้าไหมแก้ว|สี: ขาว ดำ|ขนาด|ไหล่ 41cm|อก 100cm|แขน 43cm|ยาว 68cm|ราคา 310 บาท"
CP0165,"เดรส|วัสดุ :  ผ้าชีฟอง|สี: ขาว ดำ แดง|ขนาด|ไหล่ 35cm|อก 78cm|เอว 68cm|ยาว 72cm|ราคา 340 บาท"
CP0166,"เดรส|วัสดุ :  ผ้าชีฟอง|สี: ขาว ดำ แดง|ขนาด|ไหล่ 35cm|อก 78cm|เอว 68cm|ยาว 72cm|ราคา 340 บาท"
CP0167,"เดรส|วัสดุ :  ผ้าชีฟอง|สี: ขาว ดำ แดง|ขนาด|ไหล่ 35cm|อก 78cm|เอว 68cm|ยาว 72cm|ราคา 340 บาท"
CP0168,"เดรส|วัสดุ :  ผ้า cotton|สี: ดำ|ขนาด|ไหล่ 46cm|อก 110cm|แขน 20cm|ยาว 86cm|ราคา 270 บาท"
CP0169,"เสื้อ|วัสดุ :  ผ้า cotton|สี: ขาว ดำ น้ำตาล|ขนาด|ไหล่ 39cm|อก 94cm|แขน 18cm|ยาว 54cm|ราคา 300 บาท"
CP0170,"เสื้อ|วัสดุ :  ผ้า cotton|สี: ขาว ดำ น้ำตาล|ขนาด|ไหล่ 39cm|อก 94cm|แขน 18cm|ยาว 54cm|ราคา 300 บาท"
CP0171,"เสื้อ|วัสดุ :  ผ้า cotton|สี: ขาว ดำ น้ำตาล|ขนาด|ไหล่ 39cm|อก 94cm|แขน 18cm|ยาว 54cm|ราคา 300 บาท"
CP0172,"เสื้อ|วัสดุ :  ผ้า cotton|สี: ขาว เทา|ขนาด|ไหล่ 38cm|อก 92cm|แขน 17cm|ยาว 60cm|ราคา 230 บาท"
CP0173,"เสื้อ|วัสดุ :  ผ้า cotton|สี: ขาว เทา|ขนาด|ไหล่ 38cm|อก 92cm|แขน 17cm|ยาว 60cm|ราคา 230 บาท"
CP0174,"เสื้อ|วัสดุ :  ผ้ากำมะหยี่|สี: น้ำตาลอ่อน น้ำตาลเข้ม แดง ดำ|ขนาด|ไหล่ 40cm|อก 120cm|แขน 24cm|ยาว 64-69cm|ราคา 310 บาท"
CP0175,"เสื้อ|วัสดุ :  ผ้ากำมะหยี่|สี: น้ำตาลอ่อน น้ำตาลเข้ม แดง ดำ|ขนาด|ไหล่ 40cm|อก 120cm|แขน 24cm|ยาว 64-69cm|ราคา 310 บาท"
CP0176,"เสื้อกันหนาว+ฮู้ด|วัสดุ :  ผ้า Acrylic|สี: เหลือง ชมพู|ขนาด|ไหล่ 42cm|อก 96cm|แขน 56cm|ฮู้ด 30cm|ยาว 56cm|ราคา 410 บาท"
CP0177,"เดรส|วัสดุ :  ผ้า cotton|สี: ขาว ดำ|ขนาด |ไหล่ 35cm|อก 88-100cm|แขน 20cm|ยาว 92cm|ราคา 220 บาท"
CP0178,"เสื้อแขนกุด|วัสดุ :  ผ้าชีฟอง|สี: ขาว ดำ ฟ้า|ขนาด|อก 96cm|ยา 49cm|ราคา 260 บาท"
CP0179,"เสื้อแขนกุด|วัสดุ :  ผ้าชีฟอง|สี: ขาว ดำ ฟ้า|ขนาด|อก 96cm|ยา 49cm|ราคา 260 บาท"
CP0180,"เสื้อแขนกุด|วัสดุ :  ผ้าชีฟอง|สี: ขาว ดำ ฟ้า|ขนาด|อก 96cm|ยา 49cm|ราคา 260 บาท"
CP0181,"เดรส|วัสดุ :  ผ้าชีฟอง|สี: ดำ|ขนาด|ไหล่ 21.5cm|อก 53cm|แขน 47cm|ยาว 99cm|ราคา 310 บาท"
CP0182,"กางเกงขาสั้น|วัสดุ :  ผ้า cotton|สี: ขาว ดำ ชมพู เหลือง|ขนาด|S : เอว 64cm/สะโพก 98cm/ยาว 39cm|M : เอว 66cm/สะโพก 100cm/ยาว 40cm|ราคา 310 บาท"
CP0183,"กางเกงขาสั้น|วัสดุ :  ผ้า cotton|สี: ขาว ดำ ชมพู เหลือง|ขนาด|S : เอว 64cm/สะโพก 98cm/ยาว 39cm|M : เอว 66cm/สะโพก 100cm/ยาว 40cm|ราคา 310 บาท"
CP0184,"กางเกงขาสั้น|วัสดุ :  ผ้า cotton|สี: ขาว ดำ ชมพู เหลือง|ขนาด|S : เอว 64cm/สะโพก 98cm/ยาว 39cm|M : เอว 66cm/สะโพก 100cm/ยาว 40cm|ราคา 310 บาท"
CP0185,"กางเกงขาสั้น|วัสดุ :  ผ้า cotton|สี: ขาว ดำ ชมพู เหลือง|ขนาด|S : เอว 64cm/สะโพก 98cm/ยาว 39cm|M : เอว 66cm/สะโพก 100cm/ยาว 40cm|ราคา 310 บาท"
CP0186,"เสื้อ+กางเกง|วัสดุ :  ผ้า wool|สี: ดำ|ขนาด|S : |ตัวเสื้อ ไหล่ 40cm/อก 90cm/แขน 16cm/ยาว 37cm|กระโปรง เอว 66-72cm/ยาว 39cm|M :|ตัวเสื้อ ไหล่ 41cm/อก 92cm/แขน 18cm/ยาว 38cm|กระโปรง เอว 68-74cm/ยาว 40cm|ราคา 380 บาท"
CP0187,"เสื้อเชิ้ตยาว|วัสดุ :  ผ้า cotton 100%|สี: ขาวดำ|ขนาด|freesize|ราคา 400 บาท"
CP0188,"เดรส|วัสดุ :  ผ้า cotton|สี: ขาวดำ|ขนาด|ไหล่ 34cm|อก 86cm|ยาว 95cm|ราคา 380 บาท"
CP0189,"กระโปรง|วัสดุ :  ผ้า cotton|สี: ดอกไม้|ขนาด|S : เอว 62cm/ยาว 36cm|M : เอว 65cm/ยาว 36cm|ราคา 270 บาท"
CP0190,"เดรส|วัสดุ :  ผ้า cotton|สี: ขาวดำ|ขนาด|ไหล่ 47cm|อก 105cm|แขน 47cm|ยาว 80cm|ราคา 350 บาท"
CP0191,"เสื้อเปิดไหล่|วัสดุ :  ผ้า cotton|สี: ขาว ดำ แดง|ขนาด|ไหล่ 49cm|อก 90cm|แขน 12cm|ยาว 39cm|ราคา 420 บาท"
CP0192,"เสื้อเปิดไหล่|วัสดุ :  ผ้า cotton|สี: ขาว ดำ แดง|ขนาด|ไหล่ 49cm|อก 90cm|แขน 12cm|ยาว 39cm|ราคา 420 บาท"
CP0193,"เสื้อเปิดไหล่|วัสดุ :  ผ้า cotton|สี: ขาว ดำ แดง|ขนาด|ไหล่ 49cm|อก 90cm|แขน 12cm|ยาว 39cm|ราคา 420 บาท"
CP0194,"เดรส|วัสดุ :  ผ้า cotton โปร่ง|สี: ขาว ดำ|ขนาด |ไหล่ 38cm |อก 90cm|แขน 55cm|ยาว 63cm|ราคา 400 บาท"
CP0195,"เดรส|วัสดุ :  ผ้า cotton โปร่ง|สี: ขาว ดำ|ขนาด |ไหล่ 38cm |อก 90cm|แขน 55cm|ยาว 63cm|ราคา 400 บาท"
CP0196,"เดรส|วัสดุ :  ผ้า cotton|สี: ขาว น้ำเงินนาวี|ขนาด|อก 86cm|ยาว 78cm|ราคา 410 บาท"
CP0197,"เดรส|วัสดุ :  ผ้า cotton|สี: ขาว น้ำเงินนาวี|ขนาด|อก 86cm|ยาว 78cm|ราคา 410 บาท"
CP0198,"เดรส|วัสดุ :  ผ้า cotton|สี: ขาว น้ำเงินนาวี|ขนาด|อก 92cm|แขน 15cm|เอว 134cm|ยาว 81cm|ราคา 470 บาท"
CP0199,"เดรส|วัสดุ :  ผ้า cotton|สี: ขาว น้ำเงินนาวี|ขนาด|อก 92cm|แขน 15cm|เอว 134cm|ยาว 81cm|ราคา 470 บาท"
CP0200,"เสื้อ|วัสดุ :  ผ้า cotton โปร่ง|สี: ขาว|ขนาด|อก 110cm|แขน 51cm|ยาว (ด้านหน้า 59cm)|(ด้านหลัง 62cm)|ราคา 420 บาท"
CP0201,"เดรส|วัสดุ :  ผ้าชีฟอง|สี: ขาว|ขนาด|ไหล่ 38cm|อก 90cm|แขน 38cm|เอว 80cm|ยาว 84cm|ราคา 400 บาท"
CP0202,"เดรส|วัสดุ :  ผ้า cotton|สี: ขาว ดำ|ขนาด|ไหล่ 36cm |อก 90cm|แขน 45cm|เอว 90cm|ยาว 80cm|ราคา 420 บาท"
CP0203,"เดรส|วัสดุ :  ผ้า cotton|สี: ขาว ดำ|ขนาด|ไหล่ 36cm |อก 90cm|แขน 45cm|เอว 90cm|ยาว 80cm|ราคา 420 บาท"
CP0204,"เสื้อเชิ้ต|วัสดุ :  ผ้า cotton|สี: ขาว ดำ|ขนาด|ไหล่ 40cm|อก 88cm|แขน 53cm|ยาว 62cm|ราคา 400 บาท"
CP0205,"เสื้อเชิ้ต|วัสดุ :  ผ้า cotton|สี: ขาว ดำ|ขนาด|ไหล่ 40cm|อก 88cm|แขน 53cm|ยาว 62cm|ราคา 400 บาท"
CP0206,"เสื้อ+กระโปรง|วัสดุ :  ผ้าชีฟอง|สี: ขาว ดำ|ขนาด|ไหล่ 36cm|อก 86cm|แขน 53cm|เอว 80cm|ยาว 80cm|ราคา 450 บาท"
CP0207,"เสื้อ+กระโปรง|วัสดุ :  ผ้าชีฟอง|สี: ขาว ดำ|ขนาด|ไหล่ 36cm|อก 86cm|แขน 53cm|เอว 80cm|ยาว 80cm|ราคา 450 บาท"
CP0208,"เสื้อ+กางเกง|วัสดุ :  ผ้า cotton|สี: เทา ดำ|ขนาด|ตัวเสื้อ |อก 84cm|แขน 24.5cm|เอว 83cm|ยาว 55cm|ตัวกางเกง|เอว 60-86cm|สะโพก 88cm|ยาว 29cm|ราคา 370 บาท"
CP0209,"เสื้อ+กางเกง|วัสดุ :  ผ้า cotton|สี: เทา ดำ|ขนาด|ตัวเสื้อ |อก 84cm|แขน 24.5cm|เอว 83cm|ยาว 55cm|ตัวกางเกง|เอว 60-86cm|สะโพก 88cm|ยาว 29cm|ราคา 370 บาท"
CP0210,"สายเดี่ยว+กางเกง|วัสดุ :  ผ้า cotton|สี: น้ำเงินนาวี|ขนาด|S : อก 80cm/เอว 58-88cm/ยาว 79-89cm|M : อก 82cm/เอว 60-90cm/ยาว 80-90cm|ราคา 520 บาท"
CP0211,"เสื้อ+กางเกง|วัสดุ :  ผ้าชีฟอง|สี: ดำ เทา|ขนาด|อก 92cm |เสื้อยาว 59cm|เอว 60-90cm|กางเกงยาว 76cm|ราคา 480 บาท"
CP0212,"เสื้อ+กางเกง|วัสดุ :  ผ้าชีฟอง|สี: ดำ เทา|ขนาด|อก 92cm |เสื้อยาว 59cm|เอว 60-90cm|กางเกงยาว 76cm|ราคา 480 บาท"
CP0213,"เสื้อ+กระโปรง|วัสดุ :  ผ้าชีฟอง+ไหมแก้ว|สี: ฟ้า|ขนาด|ตัวเสื้อ|ไหล่ 28cm|อก 88cm|เอว 86cm|ยาว 61cm|ตัวกระโปรง |เอว 66-80cm|ยาว 35cm|ราคา 490 บาท"
CP0214,"เดรส|วัสดุ :  ผ้า cotton|สี: ขาว ดำ เทา|ขนาด|ไหล่ 40cm|อก 90cm|แขน 20cm|เอว 90cm|ยาว (ด้านหน้า 70 cm)|(ด้านหลัง 85cm)|ราคา 300 บาท"
CP0215,"เดรส|วัสดุ :  ผ้า cotton|สี: ขาว ดำ เทา|ขนาด|ไหล่ 40cm|อก 90cm|แขน 20cm|เอว 90cm|ยาว (ด้านหน้า 70 cm)|(ด้านหลัง 85cm)|ราคา 300 บาท"
CP0216,"เดรส|วัสดุ :  ผ้า cotton|สี: ขาว ดำ เทา|ขนาด|ไหล่ 40cm|อก 90cm|แขน 20cm|เอว 90cm|ยาว (ด้านหน้า 70 cm)|(ด้านหลัง 85cm)|ราคา 300 บาท"
CP0217,"เดรส|วัสดุ :  ผ้า cotton|สี: ขาว ดำ|ขนาด|อก 98 cm|ยาว 85cm|ราคา 380 บาท"
CP0218,"เดรส|วัสดุ :  ผ้า cotton|สี: ขาว ดำ|ขนาด|อก 98 cm|ยาว 85cm|ราคา 380 บาท"
CP0219,"เสื้อ|วัสดุ :  ผ้าชีฟอง|สี: ขาว ดำ|ขนาด|อก 98cm|แขน 59cm|เอว 96cm|ยาว 56cm|ราคา 400 บาท"
CP0220,"เสื้อ|วัสดุ :  ผ้าชีฟอง|สี: ขาว ดำ|ขนาด|อก 98cm|แขน 59cm|เอว 96cm|ยาว 56cm|ราคา 400 บาท"
CP0221,"เสื้อคลุม|วัสดุ :  ผ้าชีฟอง|สี: ขาว ดำ|ขนาด|อก 94cm|ยาว 72cm|ราคา 440 บาท"
CP0222,"เสื้อคลุม|วัสดุ :  ผ้าชีฟอง|สี: ขาว ดำ|ขนาด|อก 94cm|ยาว 72cm|ราคา 440 บาท"
CP0223,"เสื้อจั๊มป์เอว|วัสดุ :  ผ้าชีฟอง|สี: ขาว ดำ|ขนาด|ไหล่ 45cm|อก freesize|แขน 45cm|เอว 60-92cm|ยาว 75cm|ราคา 310 บาท"
CP0224,"เสื้อจั๊มป์เอว|วัสดุ :  ผ้าชีฟอง|สี: ขาว ดำ|ขนาด|ไหล่ 45cm|อก freesize|แขน 45cm|เอว 60-92cm|ยาว 75cm|ราคา 310 บาท"
CP0225,"เสื้อ|วัสดุ :  ผ้าชีฟอง|สี: แดง|ขนาด|อก 66cm|ยาว 64cm|ราคา 380 บาท"
CP0226,"เสื้อ|วัสดุ :  ผ้าชีฟอง|สี: ขาว ดำ|ขนาด|ไหล่ 54cm|อก 94cm|แขน 24cm|ยาว 56cm|ราคา 310 บาท"
CP0227,"เสื้อ|วัสดุ :  ผ้าชีฟอง|สี: ขาว ดำ|ขนาด|ไหล่ 54cm|อก 94cm|แขน 24cm|ยาว 56cm|ราคา 310 บาท"
CP0228,"เสื้อ|วัสดุ :  ผ้าชีฟอง|สี: ขาว|ขนาด|ไหล่ 46cm|อก 96cm|แขน 37cm|ยาว 66cm|ราคา 330 บาท"
CP0229,"เดรส+ซับใน|วัสดุ :  ผ้าลูกไม้|สี: ขาว ดำ|ขนาด|ไหล่ 42cm|อก 92cm|แขน 42cm|เอว 90cm|ยาว 81cm|ราคา 450 บาท"
CP0230,"เดรส+ซับใน|วัสดุ :  ผ้าลูกไม้|สี: ขาว ดำ|ขนาด|ไหล่ 42cm|อก 92cm|แขน 42cm|เอว 90cm|ยาว 81cm|ราคา 450 บาท"
CP0231,"เดรส|วัสดุ :  ผ้าชีฟอง|สี: รุ้ง|ขนาด|freesize|ราคา 350 บาท"
CP0232,"เอี๊ยมกระโปรง|วัสดุ :  ผ้ายีนส์|สี: ขาว|ขนาด|S : เอว 82/สะโพก 90cm/ยาว 56cm/สายยาว 64cm|M : เอว 84/สะโพก 92cm/ยาว 57cm/สายยาว 64cm|L : เอว 86/สะโพก 94cm/ยาว 58cm/สายยาว 64cm|ราคา 490 บาท"
CP0233,"เดรส|วัสดุ :  ผ้า cotton+ลูกไม้|สี: ดำ|ขนาด|อก 92cm|แขน 29cm|เอว 92cm|ยาว 81cm|ราคา 370 บาท"
CP0234,"เสื้อเปิดไหล่|วัสดุ :  ผ้า cotton|สี: ขาว ดำ|ขนาด|อก 90cm|แขน 52cm|ยาว 57cm|ราคา 270 บาท"
CP0235,"เสื้อเปิดไหล่|วัสดุ :  ผ้า cotton|สี: ขาว ดำ|ขนาด|อก 90cm|แขน 52cm|ยาว 57cm|ราคา 270 บาท"
CP0236,"เดรสมุ้ง+ซับใน|วัสดุ :  ผ้ามุ้ง+ไหมพรม|สี: ขาว ดำ|ขนาด|ไหล่ 45cm|อก 86cm|แขน 22cm|ยาว 86cm||ราคา 400 บาท"
CP0237,"เดรสมุ้ง+ซับใน|วัสดุ :  ผ้ามุ้ง+ไหมพรม|สี: ขาว ดำ|ขนาด|ไหล่ 45cm|อก 86cm|แขน 22cm|ยาว 86cm||ราคา 400 บาท"
CP0238,"เดรสตัวนอก+เดรสตัวใน|วัสดุ :  ผ้าชีฟอง|สี: ขาวดำ|ขนาด|ไหล่ 30cm|อก 88cm |เอว 74cm|ตัวในยาว 49cm|ตัวนอกยาว 80cm|ราคา 520 บาท"
CP0239,"เดรส|วัสดุ :  ผ้าชีฟอง|สี: ขาว ดำ|ขนาด|ไหล่ 37cm|อก 86cm|แขน 28cm|เอว 62-92cm|ยาว 87cm|ราคา 340 บาท"
CP0240,"เดรส|วัสดุ :  ผ้าชีฟอง|สี: ขาว ดำ|ขนาด|ไหล่ 37cm|อก 86cm|แขน 28cm|เอว 62-92cm|ยาว 87cm|ราคา 340 บาท"
CP0241,"เสื้อ|วัสดุ :  ผ้า cotton ผสม|สี: ขาวลายจุด|ขนาด|ไหล่ 49cm|อก 98cm|แขน 19cm|เอว 90cm|ยาว 56cm|ราคา 330 บาท"
CP0242,"เสื้อ+กางเกง|วัสดุ :  ผ้า cotton|สี: ขาว ดำ|ขนาด|เสื้อ|ไหล่ 40cm|อก 98cm|แขน 24cm|ยาว 60cm|กางเกง|เอว 60-102cm (ยางยืด)|สะโพก 92cm|ยาว 78cm|ราคา 470 บาท"
CP0243,"เสื้อ+กางเกง|วัสดุ :  ผ้า cotton|สี: ขาว ดำ|ขนาด|เสื้อ|ไหล่ 40cm|อก 98cm|แขน 24cm|ยาว 60cm|กางเกง|เอว 60-102cm (ยางยืด)|สะโพก 92cm|ยาว 78cm|ราคา 470 บาท"
CP0244,"เสื้อโชว์หลัง|วัสดุ :  ผ้า cotton|สี: ดำ เบจ|ขนาด|ไหล่ 42cm|อก 90cm|แขน 21cm|เอว 84cm|ยาว 63cm|ราคา 240 บาท"
CP0245,"เสื้อโชว์หลัง|วัสดุ :  ผ้า cotton|สี: ดำ เบจ|ขนาด|ไหล่ 42cm|อก 90cm|แขน 21cm|เอว 84cm|ยาว 63cm|ราคา 240 บาท"
CP0246,"เสื้อโชว์หลัง|วัสดุ :  ผ้า cotton|สี: ดำ เบจ|ขนาด|ไหล่ 42cm|อก 90cm|แขน 21cm|เอว 84cm|ยาว 63cm|ราคา 240 บาท"
CP0247,"เสื้อโชว์หลัง|วัสดุ :  ผ้า cotton|สี: ดำ เบจ|ขนาด|ไหล่ 42cm|อก 90cm|แขน 21cm|เอว 84cm|ยาว 63cm|ราคา 240 บาท"
CP0248,"เดรส|วัสดุ :  ผ้าชีฟอง|สี: ดำ|ขนาด|เสื้อ|ไหล่ 35cm|อก 92cm|แขน 20cm|ยาว 89cm|กระโปรง|เอว 60-124cm|ยาว 65cm|ราคา 540 บาท"
CP0249,"กระโปรง|วัสดุ :  ผ้า cotton|สี: ขาว ดำ แดง|ขนาด|เอว 60-112cm|ยาว 39cm|ราคา 280 บาท"
CP0250,"กระโปรง|วัสดุ :  ผ้า cotton|สี: ขาว ดำ แดง|ขนาด|เอว 60-112cm|ยาว 39cm|ราคา 280 บาท"
CP0251,"กระโปรง|วัสดุ :  ผ้า cotton|สี: ขาว ดำ แดง|ขนาด|เอว 60-112cm|ยาว 39cm|ราคา 280 บาท"
CP0252,"กางเกง|วัสดุ :  ผ้าชีฟอง|สี: ขาว ดำ|ขนาด|เอว 60-90cm (ยางยืด)|ยาว 92cm|ราคา 350 บาท"
CP0253,"กางเกง|วัสดุ :  ผ้าชีฟอง|สี: ขาว ดำ|ขนาด|เอว 60-90cm (ยางยืด)|ยาว 92cm|ราคา 350 บาท"
CP0254,"กางเกง|วัสดุ :  ผ้าชีฟอง|สี: ขาว ดำ|ขนาด|เอว 60-90cm (ยางยืด)|ยาว 92cm|ราคา 350 บาท"
CP0255,"เสื้อคอปก|วัสดุ :  ผ้า cotton|สี: ขาว เทา|ขนาด|อก 100cm|แขน 44cm|เอว 96cm|ยาว 50cm|ราคา 410 บาท"
CP0256,"เสื้อคอปก|วัสดุ :  ผ้า cotton|สี: ขาว เทา|ขนาด|อก 100cm|แขน 44cm|เอว 96cm|ยาว 50cm|ราคา 410 บาท"
CP0257,"กางเกง|วัสดุ :  ผ้าทอ|สี: ขาว ดำ ชมพู|ขนาด|S : เอว 60-88cm/สะโพก 94cm/ยาว 33cm|M : เอว 62-90cm/สะโพก 96cm/ยาว 35cm|ราคา 410 บาท"
CP0258,"กางเกง|วัสดุ :  ผ้าทอ|สี: ขาว ดำ ชมพู|ขนาด|S : เอว 60-88cm/สะโพก 94cm/ยาว 33cm|M : เอว 62-90cm/สะโพก 96cm/ยาว 35cm|ราคา 410 บาท"
CP0259,"กางเกง|วัสดุ :  ผ้าทอ|สี: ขาว ดำ ชมพู|ขนาด|S : เอว 60-88cm/สะโพก 94cm/ยาว 33cm|M : เอว 62-90cm/สะโพก 96cm/ยาว 35cm|ราคา 410 บาท"
CP0260,"เดรส|วัสดุ :  ผ้า cotton|สี: ขาว ดำ|ขนาด|อก 88cm|แขน 25cm|ยาว 83cm|ราคา 350 บาท"
CP0261,"เดรส|วัสดุ :  ผ้า cotton|สี: ขาว ดำ|ขนาด|อก 88cm|แขน 25cm|ยาว 83cm|ราคา 350 บาท"
CP0262,"กางเกง|วัสดุ :  ผ้ายีนส์|สี: น้ำเงินเข้ม น้ำเงินอ่อน|ขนาด|S : เอว 48-70cm/สะโพก 98cm/ยาว 33cm|M : เอว 50-72cm/สะโพก 100cm/ยาว 35cm|L : เอว 52-74cm/สะโพก 102cm/ยาว 37cm|ราคา 300 บาท"
CP0263,"กางเกง|วัสดุ :  ผ้ายีนส์|สี: น้ำเงินเข้ม น้ำเงินอ่อน|ขนาด|S : เอว 48-70cm/สะโพก 98cm/ยาว 33cm|M : เอว 50-72cm/สะโพก 100cm/ยาว 35cm|L : เอว 52-74cm/สะโพก 102cm/ยาว 37cm|ราคา 300 บาท"
CP0264,"เดรสเกาะอก|วัสดุ :  ผ้าชีฟอง|สี: แดง|ขนาด|อก 68-112cm|เอว 60cm|ยาว 67cm|ราคา 480 บาท"
CP0265,"เดรส|วัสดุ :  ผ้า cotton|สี: ขาว ดำ|ขนาด|ไหล่ 33cm|อก 90cm|ยาว 74cm|ราคา 420 บาท"
CP0266,"เดรส|วัสดุ :  ผ้า cotton|สี: ขาว ดำ|ขนาด|ไหล่ 33cm|อก 90cm|ยาว 74cm|ราคา 420 บาท"
CP0267,"เดรส|วัสดุ :  ผ้าไหมแก้ว|สี: ชมพู|ขนาด|อก 90cm|แขน 25cm|ยาว 64cm|ราคา 410 บาท"
CP0268,"เสื้อ|วัสดุ :  ผ้า silk|สี: ลายแมว|ขนาด|ไหล่ 48cm|อก 94cm|แขน 18cm|เอว 84cm|ยาว 61cm|ราคา 330 บาท"
CP0269,"เสื้อคลุมชายรุ่ย|วัสดุ :  ผ้าชีฟอง|สี: ขาว ดำ ลาย|ขนาด|แขน 29cm|ยาว 78cm|ราคา 280 บาท"
CP0270,"เสื้อคลุมชายรุ่ย|วัสดุ :  ผ้าชีฟอง|สี: ขาว ดำ ลาย|ขนาด|แขน 29cm|ยาว 78cm|ราคา 280 บาท"
CP0271,"เสื้อคลุมชายรุ่ย|วัสดุ :  ผ้าชีฟอง|สี: ขาว ดำ ลาย|ขนาด|แขน 29cm|ยาว 78cm|ราคา 280 บาท"
CP0272,"เดรสกางเกง|วัสดุ :  ผ้าชีฟอง|สี: ดำ ม่วง แดง เขียว|ขนาด|อก 94cm|เอว 100cm|ยาว 80cm|ราคา 410 บาท"
CP0273,"เดรสกางเกง|วัสดุ :  ผ้าชีฟอง|สี: ดำ ม่วง แดง เขียว|ขนาด|อก 94cm|เอว 100cm|ยาว 80cm|ราคา 410 บาท"
CP0274,"เดรสกางเกง|วัสดุ :  ผ้าชีฟอง|สี: ดำ ม่วง แดง เขียว|ขนาด|อก 94cm|เอว 100cm|ยาว 80cm|ราคา 410 บาท"
CP0275,"เดรสกางเกง|วัสดุ :  ผ้าชีฟอง|สี: ดำ ม่วง แดง เขียว|ขนาด|อก 94cm|เอว 100cm|ยาว 80cm|ราคา 410 บาท"
CP0276,"เดรส|วัสดุ :  ผ้าชีฟอง|สี: เทา น้ำเงิน|ขนาด|อก 90cm|เอว 50-100cm|ยาว 84cm|ราคา 370 บาท"
CP0277,"เดรส|วัสดุ :  ผ้าชีฟอง|สี: เทา น้ำเงิน|ขนาด|อก 90cm|เอว 50-100cm|ยาว 84cm|ราคา 370 บาท"
CP0278,"เอี๊ยมกระโปรง|วัสดุ :  ผ้ายีนส์|สี: น้ำเงิน|ขนาด (ไม่รวมสาย)|S : เอว 82cm/ยาว 54cm|M : เอว 83cm/ยาว 56cm|L : เอว 85cm/ยาว 58cm|ราคา 440 บาท"
CP0279,"เสื้อ|วัสดุ :  ผ้า cotton ผสม|สี: ขาว เทา|ขนาด|อก 97cm|แขน 28cm|เอว 90cm|ยาว 57cm|ราคา 270 บาท"
CP0280,"เสื้อ|วัสดุ :  ผ้า cotton ผสม|สี: ขาว เทา|ขนาด|อก 97cm|แขน 28cm|เอว 90cm|ยาว 57cm|ราคา 270 บาท"
CP0281,"เสื้อโชว์ไหล่|วัสดุ :  ผ้าทอ|สี: ขาว น้ำเงินนาวี|ขนาด|ไหล่ 35cm|อก 82cm|เอว 84cm|ยาว 72cm|ราคา 420 บาท"
CP0282,"เสื้อโชว์ไหล่|วัสดุ :  ผ้าทอ|สี: ขาว น้ำเงินนาวี|ขนาด|ไหล่ 35cm|อก 82cm|เอว 84cm|ยาว 72cm|ราคา 420 บาท"
CP0283,"แจ็คเก็ตผ้ากอซ|วัสดุ :  ผ้ากอซ|สี: ดำ ขาว|ขนาด|ไหล่ 40cm|อก 88cm|แขน 53cm|ยาว 50cm|ราคา 370 บาท"
CP0284,"แจ็คเก็ตผ้ากอซ|วัสดุ :  ผ้ากอซ|สี: ดำ ขาว|ขนาด|ไหล่ 40cm|อก 88cm|แขน 53cm|ยาว 50cm|ราคา 370 บาท"
CP0285,"เดรส|วัสดุ :  ผ้า cotton|สี: ขาว|ขนาด|ไหล่ 34cm|อก 90cm|แขน 24cm|เอว 86cm|ยาว 61cm|ราคา 350 บาท"
CP0286,"เดรส|วัสดุ :  ผ้า cotton|สี: ขาว|ขนาด|ไหล่ 34cm|อก 90cm|แขน 24cm|เอว 86cm|ยาว 61cm|ราคา 350 บาท"
CP0287,"เสื้อ+กางเกง|วัสดุ :  ผ้าชีฟอง|สี: ดำ|ขนาด|M : ไหล่ 31cm/อก 88cm/เอว 76cm/สะโพก 94cm/ยาว 128cm|L : ไหล่ 33cm/อก 90cm/เอว 78cm/สะโพก 96cm/ยาว 130cm|ราคา 480 บาท"
CP0288,"เดรส|วัสดุ :  ผ้า cotton|สี: ขาว ดำ|ขนาด|ไหล่ 57cm|อก 104cm|แขน 20cm|เอว 90cm|ยาว 87cm|ราคา 330 บาท"
CP0289,"เดรส|วัสดุ :  ผ้า cotton|สี: ขาว ดำ|ขนาด|ไหล่ 57cm|อก 104cm|แขน 20cm|เอว 90cm|ยาว 87cm|ราคา 330 บาท"
CP0290,"เดรส|วัสดุ :  ผ้า cotton|สี: ขาว ดำ|ขนาด|ไหล่ 40cm|อก 76cm|แขน 16cm|เอว 76cm|ยาว 94cm|ราคา 330 บาท"
CP0291,"เดรส|วัสดุ :  ผ้า cotton|สี: ขาว ดำ|ขนาด|ไหล่ 40cm|อก 76cm|แขน 16cm|เอว 76cm|ยาว 94cm|ราคา 330 บาท"
CP0292,"ชุดจั๊มป์เอว|วัสดุ :  ผ้าชีฟอง|สี: ขาว แดง|ขนาด|อก 94cm|เอว 92cm|ยาว 80cm|ราคา 380 บาท"
CP0293,"ชุดจั๊มป์เอว|วัสดุ :  ผ้าชีฟอง|สี: ขาว แดง|ขนาด|อก 94cm|เอว 92cm|ยาว 80cm|ราคา 380 บาท"
CP0294,"ชุดจั๊มป์เอว|วัสดุ :  ผ้าชีฟอง|สี: ชมพู|ขนาด|ไหล่ 33cm|อก 90cm|แขน 21cm|เอว 44-90cm|ยาว 76cm||ราคา 470 บาท"
CP0295,"เดรส|วัสดุ :  ผ้า cotton ผสม|สี: ขาว น้ำเงิน |ขนาด|อก 86cm|เอว 90cm|ยาว 74cm|ราคา 340 บาท"
CP0296,"เดรส|วัสดุ :  ผ้า cotton ผสม|สี: ขาว น้ำเงิน |ขนาด|อก 86cm|เอว 90cm|ยาว 74cm|ราคา 340 บาท"
CP0297,"เดรสเกาะอก|วัสดุ :  ผ้าชีฟอง|สี: ฟ้า|ขนาด|อก 60-108cm|เอว 50-84cm|ยาว 57cm|ราคา 350 บาท"
CP0298,"เสื้อ+กระโปรงพลีท|วัสดุ :  ผ้าชีฟอง|สี: เทา น้ำเงิน |ขนาด|อก 88cm|เอว 68-90cm|ยาว 115cm|ราคา 350 บาท"
CP0299,"เสื้อ+กระโปรงพลีท|วัสดุ :  ผ้าชีฟอง|สี: เทา น้ำเงิน |ขนาด|อก 88cm|เอว 68-90cm|ยาว 115cm|ราคา 350 บาท"
CP0300,"เสื้อกะลาสี|วัสดุ :  ผ้า cotton|สี: น้ำเงินนาวี|ขนาด|ไหล่ 35cm|อก 92cm|แขน 38cm|เอว 102cm|ยาว 76cm|ราคา 410 บาท"
CP0301,"เดรสยาวจั๊มป์เอว|วัสดุ :  ผ้าชีฟอง|สี: เทา|ขนาด|ไหล่ 47cm|อก 96cm|แขน 47cm|เอว 52-104cm|ยาว 108cm|ราคา 340 บาท"
CP0302,"เสื้อ|วัสดุ :  ผ้าชีฟอง|สี: แดง เหลือง น้ำเงิน|ขนาด|ไหล่ 34-64cm|อก 74cm|เอว 74cm|ยาว 43cm|ราคา 330 บาท"
CP0303,"เสื้อ|วัสดุ :  ผ้าชีฟอง|สี: แดง เหลือง น้ำเงิน|ขนาด|ไหล่ 34-64cm|อก 74cm|เอว 74cm|ยาว 43cm|ราคา 330 บาท"
CP0304,"เสื้อ|วัสดุ :  ผ้าชีฟอง|สี: แดง เหลือง น้ำเงิน|ขนาด|ไหล่ 34-64cm|อก 74cm|เอว 74cm|ยาว 43cm|ราคา 330 บาท"
CP0305,"เสื้อโชว์หลัง|วัสดุ :  ผ้า cotton|สี: ขาว ดำ|ขนาด|ไหล่ 40cm|อก 78cm|แขน 14cm|เอว 78cm|ยาว 54cm|ราคา 260 บาท"
CP0306,"เสื้อโชว์หลัง|วัสดุ :  ผ้า cotton|สี: ขาว ดำ|ขนาด|ไหล่ 40cm|อก 78cm|แขน 14cm|เอว 78cm|ยาว 54cm|ราคา 260 บาท"
CP0307,"เสื้อโชว์หลัง|วัสดุ :  ผ้า cotton|สี: ขาว ดำ|ขนาด|ไหล่ 40cm|อก 78cm|แขน 14cm|เอว 78cm|ยาว 54cm|ราคา 260 บาท"
CP0308,"เสื้อโชว์หลัง|วัสดุ :  ผ้า cotton|สี: ขาว ดำ|ขนาด|ไหล่ 40cm|อก 78cm|แขน 14cm|เอว 78cm|ยาว 54cm|ราคา 260 บาท"
CP0309,"เสื้อโชว์หลัง|วัสดุ :  ผ้า cotton|สี: ขาว|ขนาด|ไหล่ 39cm|อก 86cm|แขน 20cm|เอว 82cm|ยาว 60cm|ราคา 270 บาท"
CP0310,"เสื้อโชว์หลัง|วัสดุ :  ผ้า cotton|สี: ขาว|ขนาด|ไหล่ 39cm|อก 86cm|แขน 20cm|เอว 82cm|ยาว 60cm|ราคา 270 บาท"
CP0311,"เดรส|วัสดุ :  ผ้า cotton|สี: ขาวดำ|ขนาด|ไหล่ 35cm|อก 92cm|แขน 29cm|ยาว 78cm|ราคา 250 บาท"
CP0312,"เสื้อ|วัสดุ :  ผ้าชีฟอง|สี: ขาวดำ|ขนาด|ไหล่ 33cm|อก 100cm|ยาว 58cm|ราคา 250 บาท"
CP0313,"เดรส|วัสดุ :  ผ้า cotton|สี: ดำ|ขนาด|ไหล่ 27cm|อก 68cm|ยาว 73cm|ราคา 280 บาท"
CP0314,"เดรส|วัสดุ :  ผ้า cotton ยืด|สี: ขาว แดง|ขนาด|ไหล่ 36cm|อก 70cm|แขน 18cm|เอว 60-80cm|ยาว 81cm|ราคา 660 บาท"
CP0315,"เดรส|วัสดุ :  ผ้า cotton ยืด|สี: ขาว แดง|ขนาด|ไหล่ 36cm|อก 70cm|แขน 18cm|เอว 60-80cm|ยาว 81cm|ราคา 660 บาท"
CP0316,"เสื้อ|วัสดุ :  ผ้าไหมพรม|สี: ขาว ดำ ชมพู แดง ม่วง|ขนาด|อก 70-90cm|แขน 24cm|เอว 70-90cm|ยาว 48cm|ราคา 350 บาท"
CP0317,"เสื้อ|วัสดุ :  ผ้าไหมพรม|สี: ขาว ดำ ชมพู แดง ม่วง|ขนาด|อก 70-90cm|แขน 24cm|เอว 70-90cm|ยาว 48cm|ราคา 350 บาท"
CP0318,"เสื้อ|วัสดุ :  ผ้าไหมพรม|สี: ขาว ดำ ชมพู แดง ม่วง|ขนาด|อก 70-90cm|แขน 24cm|เอว 70-90cm|ยาว 48cm|ราคา 350 บาท"
CP0319,"เสื้อ|วัสดุ :  ผ้าไหมพรม|สี: ขาว ดำ ชมพู แดง ม่วง|ขนาด|อก 70-90cm|แขน 24cm|เอว 70-90cm|ยาว 48cm|ราคา 350 บาท"
CP0320,"เสื้อ|วัสดุ :  ผ้าไหมพรม|สี: ขาว ดำ ชมพู แดง ม่วง|ขนาด|อก 70-90cm|แขน 24cm|เอว 70-90cm|ยาว 48cm|ราคา 350 บาท"
CP0321,"เสื้อเกาะอก|วัสดุ :  ผ้าลูกไม้|สี: ขาว|ขนาด|อก 76-126cm|แขน 34cm|เอว 72-104cm|ยาว 38cm|ราคา 400 บาท"
CP0322,"กระโปรง|วัสดุ :  ผ้าไหมแก้ว|สี: ขาว ดำ|ขนาด|เอว 66-84cm|ยาว 62cm|ราคา 300 บาท"
CP0323,"กระโปรง|วัสดุ :  ผ้าไหมแก้ว|สี: ขาว ดำ|ขนาด|เอว 66-84cm|ยาว 62cm|ราคา 300 บาท"
CP0324,"เสื้อเกาะอก|วัสดุ :  ผ้าชีฟอง|สี: ขาว น้ำเงิน |ขนาด|อก 130cm|แขน 30cm|ยาว 57cm|ราคา 410 บาท"
CP0325,"เสื้อเกาะอก|วัสดุ :  ผ้าชีฟอง|สี: ขาว น้ำเงิน |ขนาด|อก 130cm|แขน 30cm|ยาว 57cm|ราคา 410 บาท"
CP0326,"เดรส|วัสดุ :  ผ้าชีฟอง|สี: ขาว ดำ|ขนาด|อก 90cm|เอว 100cm|ยาว 78cm|ราคา 370 บาท"
CP0327,"เดรส|วัสดุ :  ผ้าชีฟอง|สี: ขาว ดำ|ขนาด|อก 90cm|เอว 100cm|ยาว 78cm|ราคา 370 บาท"
CP0328,"เดรส|วัสดุ :  ผ้าชีฟอง|สี: เทา ดำ|ขนาด|S : ไหล่ 38cm/อก 90cm/เอว 68cm/กระโปรงยาว 43cm|M : ไหล่ 40cm/อก 92cm/เอว 70cm/กระโปรงยาว 45cm|ราคา 480 บาท"
CP0329,"เดรส|วัสดุ :  ผ้าชีฟอง|สี: เทา ดำ|ขนาด|S : ไหล่ 38cm/อก 90cm/เอว 68cm/กระโปรงยาว 43cm|M : ไหล่ 40cm/อก 92cm/เอว 70cm/กระโปรงยาว 45cm|ราคา 480 บาท"
CP0330,"เสื้อคู่ DAY NIGHT|วัสดุ :  ผ้า cotton|สี: ขาว ดำ|ขนาด|ไหล่ 43cm|อก 96cm |แขน 20cm|เอว 92cm|ยาว 54cm||ราคา 200 บาท"
CP0331,"เสื้อคู่ DAY NIGHT|วัสดุ :  ผ้า cotton|สี: ขาว ดำ|ขนาด|ไหล่ 43cm|อก 96cm |แขน 20cm|เอว 92cm|ยาว 54cm||ราคา 200 บาท"
CP0332,"เสื้อคู่ DAY NIGHT|วัสดุ :  ผ้า cotton|สี: ขาว ดำ|ขนาด|ไหล่ 43cm|อก 96cm |แขน 20cm|เอว 92cm|ยาว 54cm||ราคา 200 บาท"
CP0333,"เสื้อคลุมชายรุ่ย|วัสดุ :  ผ้า cotton|สี: ลายดอกไม้|ขนาด|แขน 45cm|ยาว 65cm|ราคา 400 บาท"
CP0334,"เสื้อ+กระโปรง|วัสดุ :  ผ้าชีฟอง|สี: ขาว ชมพู|ขนาด|ไหล่ 39cm|อก 100cm|แขน 29cm|เอว 60-100cm|ยาว 80cm|ราคา 380 บาท"
CP0335,"เสื้อ+กระโปรง|วัสดุ :  ผ้าชีฟอง|สี: ขาว ชมพู|ขนาด|ไหล่ 39cm|อก 100cm|แขน 29cm|เอว 60-100cm|ยาว 80cm|ราคา 380 บาท"
CP0336,"เดรส|วัสดุ :  ผ้าโพลีเอสเตอร์|สี: ลายตามรูป|ขนาด|ไหล่ 36cm|อก 86cm|แขน 21cm|เอว 92cm|ยาว 79cm|ราคา 380 บาท"
CP0337,"เสื้อตาข่าย+ซับใน|วัสดุ :  ผ้า cotton+โพลีเอสเตอร์|สี: ขาว ดำ|ขนาด|เสื้อตาข่าย|ไหล่ 31cm|อก 82cm|แขน 22cm|เอว 84cm|ยาว 83cm|เสื้อซับใน|อก 74cm|เอว 72cm|ยาว 71cm|ราคา 410 บาท"
CP0338,"เสื้อตาข่าย+ซับใน|วัสดุ :  ผ้า cotton+โพลีเอสเตอร์|สี: ขาว ดำ|ขนาด|เสื้อตาข่าย|ไหล่ 31cm|อก 82cm|แขน 22cm|เอว 84cm|ยาว 83cm|เสื้อซับใน|อก 74cm|เอว 72cm|ยาว 71cm|ราคา 410 บาท"
CP0339,"เสื้อคู่ ชายหญิง|วัสดุ :  ผ้า cotton|สี: เทา|ขนาด|หญิง|ไหล่ 35cm|อก 86cm|แขน 30cm|เอว 78cm|ยาว 78cm|ชาย|ไหล่ 40cm|อก 98cm|แขน 27cm|ยาว 60cm|ราคา 310 บาท"
CP0340,"เสื้อคู่ ชายหญิง|วัสดุ :  ผ้า cotton|สี: เทา|ขนาด|หญิง|ไหล่ 35cm|อก 86cm|แขน 30cm|เอว 78cm|ยาว 78cm|ชาย|ไหล่ 40cm|อก 98cm|แขน 27cm|ยาว 60cm|ราคา 310 บาท"
CP0341,"เสื้อคู่ ชายหญิง|วัสดุ :  ผ้า cotton|สี: เทา|ขนาด|หญิง|ไหล่ 35cm|อก 86cm|แขน 30cm|เอว 78cm|ยาว 78cm|ชาย|ไหล่ 40cm|อก 98cm|แขน 27cm|ยาว 60cm|ราคา 310 บาท"
CP0342,"เสื้อคลุม+กางเกง|วัสดุ :  ผ้า cotton ผสม|สี: เทา ดำ|ขนาด|S : |เสื้อคลุม อก 78cm/แขน 36cm/ยาว 74cm|กางเกง เอว 58-86cm/สะโพก 88cm/ยาว 28cm|M :|เสื้อคลุม อก 80cm/แขน 38cm/ยาว 76cm|กางเกง เอว 60-88cm/สะโพก 90cm/ยาว 30cm|ราคา 550 บาท"
CP0343,"เสื้อคลุม+กางเกง|วัสดุ :  ผ้า cotton ผสม|สี: เทา ดำ|ขนาด|S : |เสื้อคลุม อก 78cm/แขน 36cm/ยาว 74cm|กางเกง เอว 58-86cm/สะโพก 88cm/ยาว 28cm|M :|เสื้อคลุม อก 80cm/แขน 38cm/ยาว 76cm|กางเกง เอว 60-88cm/สะโพก 90cm/ยาว 30cm|ราคา 550 บาท"
CP0344,"เสื้อ|วัสดุ :  ผ้า europe|สี: ขาว|ขนาด|อก 86cm|แขน 31cm|เอว 84cm|ยาว 61cm|ราคา 310 บาท"
CP0345,"เสื้อ|วัสดุ :  ผ้าไหมแก้ว|สี: ขาว ดำ เทา|ขนาด|ไหล่ 33cm|อก 92cm|แขน 33cm|เอว 86cm|ยาว 60cm|ราคา 310 บาท"
CP0346,"เสื้อ|วัสดุ :  ผ้าไหมแก้ว|สี: ขาว ดำ เทา|ขนาด|ไหล่ 33cm|อก 92cm|แขน 33cm|เอว 86cm|ยาว 60cm|ราคา 310 บาท"
CP0347,"เสื้อ|วัสดุ :  ผ้าไหมแก้ว|สี: ขาว ดำ เทา|ขนาด|ไหล่ 33cm|อก 92cm|แขน 33cm|เอว 86cm|ยาว 60cm|ราคา 310 บาท"
CP0348,"เสื้อ+กระโปรง|วัสดุ :  ผ้า cotton|สี: ดำ|ขนาด|ไหล่ 31cm|อก 86cm|ยาว 40-46cm|กระโปรง|เอว 84cm|ยาว ด้านหน้า 38cm|ด้านหลัง 69cm|ราคา 350 บาท"
CP0349,"เดรส|วัสดุ :  ผ้าชีฟอง|สี: ขาว ดำ|ขนาด|ไหล่ 31cm|อก 90cm|เอว 70-90cm|ยาว 84cm|ราคา 490 บาท"
CP0350,"เดรส|วัสดุ :  ผ้าชีฟอง|สี: ขาว ดำ|ขนาด|ไหล่ 31cm|อก 90cm|เอว 70-90cm|ยาว 84cm|ราคา 490 บาท"
CP0351,"เดรส|วัสดุ :  ผ้า cotton|สี: ขาว แดง ดำ|ขนาด|ไหล่ 36cm|อก 86cm|แขน 38cm|เอว 72cm|ยาว 75cm|ราคา 420 บาท"
CP0352,"เดรส|วัสดุ :  ผ้า cotton|สี: ขาว แดง ดำ|ขนาด|ไหล่ 36cm|อก 86cm|แขน 38cm|เอว 72cm|ยาว 75cm|ราคา 420 บาท"
CP0353,"เดรส|วัสดุ :  ผ้า cotton|สี: ขาว แดง ดำ|ขนาด|ไหล่ 36cm|อก 86cm|แขน 38cm|เอว 72cm|ยาว 75cm|ราคา 420 บาท"
CP0354,"เดรสเกาะอก|วัสดุ :  ผ้า cotton|สี: แดง ดำ ลายทาง|ขนาด|อก 82cm|เอว 70cm|ยาว 66cm|ราคา 400 บาท"
CP0355,"เดรสเกาะอก|วัสดุ :  ผ้า cotton|สี: แดง ดำ ลายทาง|ขนาด|อก 82cm|เอว 70cm|ยาว 66cm|ราคา 400 บาท"
CP0356,"เดรสเกาะอก|วัสดุ :  ผ้า cotton|สี: แดง ดำ ลายทาง|ขนาด|อก 82cm|เอว 70cm|ยาว 66cm|ราคา 400 บาท"
CP0357,"เดรส|วัสดุ :  ผ้า cotton|สี: ขาว น้ำเงินนาวี|ขนาด|ไหล่ 51cm|อก 104cm|แขน 29cm|ยาว 78cm|ราคา 490 บาท"
CP0358,"เดรส|วัสดุ :  ผ้า cotton|สี: ขาว น้ำเงินนาวี|ขนาด|ไหล่ 51cm|อก 104cm|แขน 29cm|ยาว 78cm|ราคา 490 บาท"
CP0359,"เสื้อตัวยาว|วัสดุ :  ผ้า cotton|สี: ลายทาง|ขนาด|อก 98cm|ยาว 104cm|ราคา 350 บาท"
CP0360,"เดรส|วัสดุ :  ผ้าชีฟอง|สี: ขาว เทา|ขนาด|อก 96cm|ยาว 87cm|ราคา 370 บาท"
CP0361,"เดรส|วัสดุ :  ผ้าชีฟอง|สี: ขาว เทา|ขนาด|อก 96cm|ยาว 87cm|ราคา 370 บาท"
CP0362,"เดรสจั๊มป์เอว|วัสดุ :  ผ้า cotton|สี: แดงลายสก๊อต|ขนาด|เอว 62cm|สะโพก 100cm|ยาว 76cm|ราคา 410 บาท"
CP0363,"เดรสจั๊มป์เอว|วัสดุ :  ผ้าชีฟอง|สี: เขียว ส้ม|ขนาด|ไหล่ 39cm|อก 88cm|เอว 82cm|ยาว 57cm||ราคา 630 บาท"
CP0364,"เดรสจั๊มป์เอว|วัสดุ :  ผ้าชีฟอง|สี: เขียว ส้ม|ขนาด|ไหล่ 39cm|อก 88cm|เอว 82cm|ยาว 57cm||ราคา 630 บาท"
CP0365,"เดรสจั๊มป์เอว|วัสดุ :  ผ้า cotton|สี: เหลือง แดง|ขนาด|ไหล่ 26cm|อก 98cm|แขน 26cm|เอว 102cm|ยาว 74cm|ราคา 370 บาท"
CP0366,"เดรสจั๊มป์เอว|วัสดุ :  ผ้า cotton|สี: เหลือง แดง|ขนาด|ไหล่ 26cm|อก 98cm|แขน 26cm|เอว 102cm|ยาว 74cm|ราคา 370 บาท"
CP0367,"เสื้อโชว์ไหล่|วัสดุ :  ผ้าชีฟอง|สี: ขาว|ขนาด|ไหล่ 38cm|อก 93cm|แขน 15cm|ยาว 56cm|ราคา 320 บาท"
CP0368,"เดรสโชว์ไหล่|วัสดุ :  ผ้าชีฟอง|สี: ขาว แดง เขียว|ขนาด|freesize|ราคา 480 บาท"
CP0369,"เดรสโชว์ไหล่|วัสดุ :  ผ้าชีฟอง|สี: ขาว แดง เขียว|ขนาด|freesize|ราคา 480 บาท"
CP0370,"เดรสโชว์ไหล่|วัสดุ :  ผ้าชีฟอง|สี: ขาว แดง เขียว|ขนาด|freesize|ราคา 480 บาท"
CP0371,"เดรส|วัสดุ :  ผ้า cotton|สี: เทา|ขนาด|อก 90cm|ยาว 70cm|ราคา 490 บาท"
CP0372,"เสื้อ|วัสดุ :  ผ้าชีฟอง|สี: ขาว ดำ|ขนาด|ไหล่ 35cm|อก 90cm|เอว 84cm|ยาว 58cm|ราคา 240 บาท"
CP0373,"เสื้อ|วัสดุ :  ผ้าชีฟอง|สี: ขาว ดำ|ขนาด|ไหล่ 35cm|อก 90cm|เอว 84cm|ยาว 58cm|ราคา 240 บาท"
CP0374,"เดรส|วัสดุ :  ผ้าชีฟอง|สี: ขาว ดำ|ขนาด|ไหล่ 59cm|อก 86cm|แขน 25cm|เอว 58-92cm|ยาว 74cm|ราคา 350 บาท"
CP0375,"เดรส|วัสดุ :  ผ้าชีฟอง|สี: ขาว ดำ|ขนาด|ไหล่ 59cm|อก 86cm|แขน 25cm|เอว 58-92cm|ยาว 74cm|ราคา 350 บาท"
CP0376,"กระโปรงยีนส์|วัสดุ :  ผ้ายีนส์|สี: ยีนส์|ขนาด|S : เอว 70cm/ยาว 51cm|M : เอว 72cm/ยาว 52cm|L : เอว 74cm/ยาว 53cm|ราคา 380 บาท"
CP0377,"เสื้อ|วัสดุ :  ผ้า cotton ผสมผ้าทอ|สี: ดำ ชมพู|ขนาด|ไหล่ 90cm|อก 92cm|แขน 17cm|เอว 86cm|ยาว 51cm|ราคา 350 บาท"
CP0378,"เสื้อ|วัสดุ :  ผ้า cotton ผสมผ้าทอ|สี: ดำ ชมพู|ขนาด|ไหล่ 90cm|อก 92cm|แขน 17cm|เอว 86cm|ยาว 51cm|ราคา 350 บาท"
CP0379,"แจ็ตเก็ต|วัสดุ :  ผ้าชีฟอง|สี: ขาว เทา เขียว|ขนาด|อก 106cm|แขน 54cm|เอว 104cm|ยาว 67cm|ราคา 350 บาท"
CP0380,"แจ็ตเก็ต|วัสดุ :  ผ้าชีฟอง|สี: ขาว เทา เขียว|ขนาด|อก 106cm|แขน 54cm|เอว 104cm|ยาว 67cm|ราคา 350 บาท"
CP0381,"แจ็ตเก็ต|วัสดุ :  ผ้าชีฟอง|สี: ขาว เทา เขียว|ขนาด|อก 106cm|แขน 54cm|เอว 104cm|ยาว 67cm|ราคา 350 บาท"
CP0382,"แจ็ตเก็ต|วัสดุ :  ผ้าชีฟอง|สี: ขาว เทา เขียว|ขนาด|อก 106cm|แขน 54cm|เอว 104cm|ยาว 67cm|ราคา 350 บาท"
CP0383,"เดรสโชว์ไหล่|วัสดุ :  ผ้า cotton ผสม|สี: ขาวดำ|ขนาด|อก 106cm|ยาว 73.5cm|ราคา 340 บาท"
CP0384,"เสื้อโชว์ไหล่|วัสดุ :  ผ้า cotton|สี: ขาว|ขนาด|อก 100cm|แขน 27cm|เอว 98cm|ยาว 58cm|ราคา 410 บาท"
CP0385,"เซ็ตเสื้อ+กางเกง|วัสดุ :  ผ้าทอ|สี: ขาว ดำ|ขนาด|เสื้อ|อก 106cm|แขน 35cm|เอว 106cm|ยาว 59cm|กางเกง|เอว 62-90cm|สะโพก 96cm|ยาว 33cm|ราคา 420 บาท"
CP0386,"เซ็ตเสื้อ+กางเกง|วัสดุ :  ผ้าทอ|สี: ขาว ดำ|ขนาด|เสื้อ|อก 106cm|แขน 35cm|เอว 106cm|ยาว 59cm|กางเกง|เอว 62-90cm|สะโพก 96cm|ยาว 33cm|ราคา 420 บาท"
CP0387,"เสื้อ+กางเกง|วัสดุ :  เสื้อ : ผ้าชีฟอง|กระโปรง : ผ้า cotton |สี: ตามรูป|ขนาด|เสื้อ|ไหล่ 33cm|อก 86cm|เอว 86cm|ยาว 60cm|กระโปรง|เอว 56-74cm|สะโพก 60-80cm|ยาว 44cm|ราคา 450 บาท"
CP0388,"เดรสจั๊มป์เอว|วัสดุ :  ผ้าชีฟอง|สี: ขาว เทา แดง น้ำเงิน|ขนาด|freesize|ราคา 400 บาท"
CP0389,"เดรสจั๊มป์เอว|วัสดุ :  ผ้าชีฟอง|สี: ขาว เทา แดง น้ำเงิน|ขนาด|freesize|ราคา 400 บาท"
CP0390,"เดรสจั๊มป์เอว|วัสดุ :  ผ้าชีฟอง|สี: ขาว เทา แดง น้ำเงิน|ขนาด|freesize|ราคา 400 บาท"
CP0391,"เดรสจั๊มป์เอว|วัสดุ :  ผ้าชีฟอง|สี: ขาว เทา แดง น้ำเงิน|ขนาด|freesize|ราคา 400 บาท"
CP0392,"เอี๊ยมกระโปรง|วัสดุ :  ผ้ายีนส์|สี: ยีนส์|ขนาด|S : เอว 76cm/ยาว 57cm|M : เอว 78cm/ยาว 58cm|L : เอว 80cm/ยาว 59cm|ราคา 480 บาท"
CP0393,"เอี๊ยมกระโปรง|วัสดุ :  ผ้ายีนส์|สี: ยีนส์|ขนาด|S : เอว 76cm/ยาว 57cm|M : เอว 78cm/ยาว 58cm|L : เอว 80cm/ยาว 59cm|ราคา 480 บาท"
CP0394,"เดรส|วัสดุ :  ผ้า cotton|สี: แดง|ขนาด|ไหล่ 45cm|อก 96cm|แขน 18cm|เอว 94cm|ยาว 74cm|ราคา 250 บาท"
CP0395,"เสื้อ|วัสดุ :  ผ้าชีฟอง|สี: ขาว ดำ|ขนาด|ไหล่ 47cm|อก 86cm|เอว 72cm|ยาว 47cm|ราคา 280 บาท"
CP0396,"เสื้อ|วัสดุ :  ผ้าชีฟอง|สี: ขาว ดำ|ขนาด|ไหล่ 47cm|อก 86cm|เอว 72cm|ยาว 47cm|ราคา 280 บาท"
CP0397,"เดรสยาว|วัสดุ :  ผ้าชีฟอง|สี: ลายจุด|ขนาด|อก 98cm|แขน 35cm|เอว 54-80cm|สะโพก 108cm|ยาว 135cm|ราคา 540 บาท"
CP0398,"เดรสยาว|วัสดุ :  ผ้าชีฟอง|สี: ลายทาง|ขนาด|อก 98cm|แขน 35cm|เอว 54-80cm|สะโพก 108cm|ยาว 135cm|ราคา 540 บาท"
CP0399,"เสื้อ|วัสดุ :  ผ้าไหมแก้ว|สี: ขาว|ขนาด|ไหล่ 50cm|อก 116cm|แขน 59cm|เอว 108cm|ยาว 68cm|ราคา 320 บาท"
CP0400,"เสื้อ|วัสดุ :  ผ้าไหมแก้ว|สี: ขาว|ขนาด|ไหล่ 50cm|อก 116cm|แขน 59cm|เอว 108cm|ยาว 68cm|ราคา 320 บาท"
CP0401,"เสื้อ|วัสดุ :  ผ้า cotton ผสม|สี: ขาว ดำ|ขนาด|อก 106cm|แขน 33cm|เอว 94cm|ยาว 60cm|ราคา 270 บาท"
CP0402,"เดรส|วัสดุ :  ผ้า cotton|สี: ขาว ดำ|ขนาด|ไหล่ 80cm|อก 82cm|แขน 21cm|เอว 78cm|ด้านหน้ายาว 68cm|ด้านหลังยาว 77cm|ราคา 350 บาท"
CP0403,"เดรส|วัสดุ :  ผ้า cotton|สี: ขาว ดำ|ขนาด|ไหล่ 80cm|อก 82cm|แขน 21cm|เอว 78cm|ด้านหน้ายาว 68cm|ด้านหลังยาว 77cm|ราคา 350 บาท"
CP0404,"ผ้าคลุมตัวยาว|วัสดุ :  ผ้า bamboo cotton|สี: ขาว ดำ เทา|ขนาด|ไหล่ 40cm|อก 88cm|แขน 20cm|เอว 86cm|ยาว 78cm|ราคา 240 บาท"
CP0405,"ผ้าคลุมตัวยาว|วัสดุ :  ผ้า bamboo cotton|สี: ขาว ดำ เทา|ขนาด|ไหล่ 40cm|อก 88cm|แขน 20cm|เอว 86cm|ยาว 78cm|ราคา 240 บาท"
CP0406,"ผ้าคลุมตัวยาว|วัสดุ :  ผ้า bamboo cotton|สี: ขาว ดำ เทา|ขนาด|ไหล่ 40cm|อก 88cm|แขน 20cm|เอว 86cm|ยาว 78cm|ราคา 240 บาท"
CP0407,"ผ้าคลุมตัวยาว|วัสดุ :  ผ้า bamboo cotton|สี: ขาว ดำ เทา|ขนาด|ไหล่ 40cm|อก 88cm|แขน 20cm|เอว 86cm|ยาว 78cm|ราคา 560 บาท"
CP0408,"เดรส|วัสดุ :  ผ้าชีฟอง+ลูกไม้+ตาข่าย|สี: ขาว|ขนาด|ไหล่ 35cm|อก 76cm|แขน 20cm|เอว 78cm|ยาว 128cm|ราคา 560 บาท"
CP0409,"เสื้อ|วัสดุ :  ผ้า cotton|สี: ดำ ชมพู|ขนาด|อก 98cm|แขน 26cm|เอว 92cm|ยาว 52cm|ราคา 260 บาท"
CP0410,"เสื้อ|วัสดุ :  ผ้า cotton|สี: ดำ ชมพู|ขนาด|อก 98cm|แขน 26cm|เอว 92cm|ยาว 52cm|ราคา 260 บาท"
CP0411,"เดรส|วัสดุ :  ผ้า cotton ผสม|สี: ขาว ฟ้า|ขนาด|ไหล่ 35cm|อก 92cm|แขน 17cm|เอว 72-100 cm|ยาว 76cm|ราคา 410 บาท"
CP0412,"เดรส|วัสดุ :  ผ้า cotton ผสม|สี: ขาว ฟ้า|ขนาด|ไหล่ 35cm|อก 92cm|แขน 17cm|เอว 72-100 cm|ยาว 76cm|ราคา 410 บาท"
CP0413,"เดรสยาว|วัสดุ :  ผ้าชีฟอง|สี: ดำ|ขนาด|อก 90cm|เอว 88cm|ตัวเสื้อ 76cm|ตัวกระโปรง 118cm|ราคา 440 บาท"
CP0414,"เสื้อ+กางเกง|วัสดุ :  ผ้า cotton ผสม|สี: ขาว|ขนาด|เสื้อ|ไหล่ 48cm|อก 98cm|แขน 16cm|เอว 94cm|ยาว 59cm|กางเกง|เอว 54-70cm|สะโพก 98cm|ยาว 31cm|ราคา 400 บาท"
CP0415,"เสื้อ+กางเกง|วัสดุ :  ผ้าโพลีเอสเตอร์|สี: ขาว ส้ม ชมพู|ขนาด|เสื้อ|ไหล่ 37cm|อก 84cm|แขน 19cm|ยาว 66cm|กางเกง|เอว 62-100cm|ยาว 98cm|ราคา 510 บาท"
CP0416,"เสื้อ+กางเกง|วัสดุ :  ผ้าโพลีเอสเตอร์|สี: ขาว ส้ม ชมพู|ขนาด|เสื้อ|ไหล่ 37cm|อก 84cm|แขน 19cm|ยาว 66cm|กางเกง|เอว 62-100cm|ยาว 98cm|ราคา 510 บาท"
CP0417,"เสื้อ+กางเกง|วัสดุ :  ผ้าโพลีเอสเตอร์|สี: ขาว ส้ม ชมพู|ขนาด|เสื้อ|ไหล่ 37cm|อก 84cm|แขน 19cm|ยาว 66cm|กางเกง|เอว 62-100cm|ยาว 98cm|ราคา 510 บาท"
CP0418,"เดรส|วัสดุ :  ผ้า cotton ผสม|สี: ขาว|ขนาด|ไหล่ 39cm|อก 90cm|แขน 32cm|เอว 60-100cm|ยาว 79cm|ราคา 470 บาท"
CP0419,"เสื้อ+กระโปรงติดกัน|วัสดุ :  ผ้าลูกไม้|สี: ขาว ดำ|ขนาด|ไหล่ 32cm|อก 84cm|เอว 74cm|ยาว 85cm|ราคา 480 บาท"
CP0420,"เสื้อ+กระโปรงติดกัน|วัสดุ :  ผ้าลูกไม้|สี: ขาว ดำ|ขนาด|ไหล่ 32cm|อก 84cm|เอว 74cm|ยาว 85cm|ราคา 480 บาท"
CP0421,"เสื้อ|วัสดุ :  ผ้าชีฟอง|สี: ขาว ดำ|ขนาด|อก 118cm|แขน 41cm|เอว 114cm|ยาว 57cm|ราคา 310 บาท"
CP0422,"เสื้อ|วัสดุ :  ผ้าชีฟอง|สี: ขาว ดำ|ขนาด|อก 118cm|แขน 41cm|เอว 114cm|ยาว 57cm|ราคา 310 บาท"
CP0423,"เสื้อ|วัสดุ :  ผ้า cotton ผสม|สี: ขาว|ขนาด|อก 92cm|แขน 46cm|เอว 110cm|ยาว 57cm|ราคา 340 บาท"
CP0424,"เซ็ตเสื้อ+กางเกง|วัสดุ :  ผ้าชีฟอง|สี: ขาว ดำ|ขนาด|เสื้อ|ไหล่ 39cm|อก 90cm|เอว 96cm|เสื้อด้านหน้า 49cm|เสื้อด้านหลัง 61cm|กางเกง|เอว 68-70cm|ยาว 36-37cm|ราคา 480 บาท"
CP0425,"เซ็ตเสื้อ+กางเกง|วัสดุ :  ผ้าชีฟอง|สี: ขาว ดำ|ขนาด|เสื้อ|ไหล่ 39cm|อก 90cm|เอว 96cm|เสื้อด้านหน้า 49cm|เสื้อด้านหลัง 61cm|กางเกง|เอว 68-70cm|ยาว 36-37cm|ราคา 480 บาท"
CP0426,"เซ็ตเสื้อ+กางเกง|วัสดุ :  ผ้าไหมพรม|สี: ขาว|ขนาด|อก 80-86cm|เอว 68-86cm|สะโพก 88cm|ยาว 80cm|ราคา 440 บาท"
CP0427,"เดรสยาว|วัสดุ :  ผ้าชีฟอง|สี: ลายสก๊อต|ขนาด|ไหล่ 37cm|อก 86cm|แขน 21cm|เอว 54-86cm|ยาว 105cm|ราคา 420 บาท"
CP0428,"เสื้อตัวใน+ตัวนอก|วัสดุ :  ผ้า cotton+ผ้าชีฟอง|สี: ขาว ดำ|ขนาด|ไหล่ 38cm|อก 96cm|แขน 20cm|ยาว 75-97cm|ราคา 370 บาท"
CP0429,"เสื้อตัวใน+ตัวนอก|วัสดุ :  ผ้า cotton+ผ้าชีฟอง|สี: ขาว ดำ|ขนาด|ไหล่ 38cm|อก 96cm|แขน 20cm|ยาว 75-97cm|ราคา 370 บาท"
CP0430,"เดรส|วัสดุ :  ผ้า cotton+ผ้าชีฟอง|สี: ดำ|ขนาด|ไหล่ 34cm|อก 90cm|เอว 66-90cm|ยาว 118cm|ราคา 450 บาท"
CP0431,"เดรส|วัสดุ :  ผ้า cotton|สี: ขาว ดำ|ขนาด|อก 100cm|แขน 35cm|เอว 86cm|เสื้อด้านหน้า 92cm|เสื้อด้านหลัง 105cm|ราคา 350 บาท"
CP0432,"เดรส|วัสดุ :  ผ้า cotton|สี: ขาว ดำ|ขนาด|อก 100cm|แขน 35cm|เอว 86cm|เสื้อด้านหน้า 92cm|เสื้อด้านหลัง 105cm|ราคา 350 บาท"
CP0433,"เสื้อ+กระโปรง|วัสดุ :  ผ้าชีฟอง|สี: ขาว ดำ|ขนาด|เสื้อ|ไหล่ 41cm|อก 90cm|แขน 24cm|เอว 90cm|ยาว 47cm|กระโปรง|เอว 60-94cm|ยาว 76cm|ราคา 580 บาท"
CP0434,"เสื้อ+กระโปรง|วัสดุ :  ผ้าชีฟอง|สี: ขาว ดำ|ขนาด|เสื้อ|ไหล่ 41cm|อก 90cm|แขน 24cm|เอว 90cm|ยาว 47cm|กระโปรง|เอว 60-94cm|ยาว 76cm|ราคา 580 บาท"
CP0435,"เสื้อ+กระโปรง|วัสดุ :  ผ้าชีฟอง|สี: ขาว ดำ|ขนาด|เสื้อ|ไหล่ 41cm|อก 90cm|แขน 24cm|เอว 90cm|ยาว 47cm|กระโปรง|เอว 60-94cm|ยาว 76cm|ราคา 580 บาท"
CP0436,"เสื้อ+กระโปรง|วัสดุ :  ผ้าชีฟอง|สี: ขาว ดำ|ขนาด|เสื้อ|ไหล่ 41cm|อก 90cm|แขน 24cm|เอว 90cm|ยาว 47cm|กระโปรง|เอว 60-94cm|ยาว 76cm|ราคา 580 บาท"
CP0437,"เสื้อ|วัสดุ :  ผ้า cotton|สี: ขาว ดำ ชมพู|ขนาด|ไหล่ 36cm|อก 90cm|แขน 16cm|เอว 84cm|ยาว 59cm|ราคา 270 บาท"
CP0438,"เสื้อ|วัสดุ :  ผ้า cotton|สี: ขาว ดำ ชมพู|ขนาด|ไหล่ 36cm|อก 90cm|แขน 16cm|เอว 84cm|ยาว 59cm|ราคา 270 บาท"
CP0439,"เสื้อ|วัสดุ :  ผ้า cotton|สี: ขาว ดำ ชมพู|ขนาด|ไหล่ 36cm|อก 90cm|แขน 16cm|เอว 84cm|ยาว 59cm|ราคา 270 บาท"
CP0440,"เสื้อ|วัสดุ :  ผ้าชีฟอง|สี: ขาว|ขนาด|อก 100cm|แขน 43cm|เอว 92cm|เสื้อด้านหน้า 57cm|เสื้อด้านหลัง 69cm|ราคา 330 บาท"
CP0441,"เสื้อ|วัสดุ :  ผ้า cotton|สี: เทา ดำ|ขนาด|อก 100cm|แขน 33cm|เอว 96cm|ยาว 73cm|ราคา 280 บาท"
CP0442,"เสื้อ|วัสดุ :  ผ้า cotton|สี: เทา ดำ|ขนาด|อก 100cm|แขน 33cm|เอว 96cm|ยาว 73cm|ราคา 280 บาท"
CP0443,"เสื้อ|วัสดุ :  ผ้า cotton|สี: เทา ดำ|ขนาด|อก 100cm|แขน 33cm|เอว 96cm|ยาว 73cm|ราคา 280 บาท"
CP0444,"เสื้อโชว์หลัง|วัสดุ :  ผ้า cotton|สี: ขาว ดำ|ขนาด|ไหล่ 37cm|อก 88-140cm|แขน 17cm|เอว 86-126cm|ยาว 73cm|ราคา 210 บาท"
CP0445,"เสื้อโชว์หลัง|วัสดุ :  ผ้า cotton|สี: ขาว ดำ|ขนาด|ไหล่ 37cm|อก 88-140cm|แขน 17cm|เอว 86-126cm|ยาว 73cm|ราคา 210 บาท"
CP0446,"เสื้อ+กางเกง|วัสดุ :  ผ้าชีฟอง|สี: ขาว ดำ|ขนาด|เสื้อ|อก 88cm|ยาว 52cm|กางเกง|เอว 56-72cm|สะโพก 98cm|ยาว 88cm|ราคา 340 บาท"
CP0447,"เสื้อ+กางเกง|วัสดุ :  ผ้าชีฟอง|สี: ขาว ดำ|ขนาด|เสื้อ|อก 88cm|ยาว 52cm|กางเกง|เอว 56-72cm|สะโพก 98cm|ยาว 88cm|ราคา 340 บาท"
CP0448,"เดรส|วัสดุ :  ผ้าโพลีเอสเตอร์|สี: แดง ดำ|ขนาด|อก 88cm|เอว 84cm|ยาว 74cm|ราคา 310 บาท"
CP0449,"เดรส|วัสดุ :  ผ้าโพลีเอสเตอร์|สี: แดง ดำ|ขนาด|อก 88cm|เอว 84cm|ยาว 74cm|ราคา 310 บาท"
CP0450,"เดรส|วัสดุ :  ผ้า cotton ผสม|สี: ดำ|ขนาด|อก 84cm|เอว 78cm|ยาว 70cm|ราคา 270 บาท"
CP0451,"เดรส|วัสดุ :  ผ้า cotton|สี: ขาว ดำ|ขนาด|อก 78-100cm|เอว 78-104cm|ยาว 96cm|ราคา 300 บาท"
CP0452,"เดรส|วัสดุ :  ผ้า cotton|สี: ขาว ดำ|ขนาด|อก 78-100cm|เอว 78-104cm|ยาว 96cm|ราคา 300 บาท"
CP0453,"เดรส|วัสดุ :  ผ้า cotton|สี: ขาว ดำ|ขนาด|ไหล่ 51cm|อก 102cm|แขน 24cm|เอว 98cm|เสื้อด้านหน้า 80cm|เสื้อด้านหลัง 88cm|ราคา 350 บาท"
CP0454,"เดรส|วัสดุ :  ผ้า cotton|สี: ขาว ดำ|ขนาด|ไหล่ 51cm|อก 102cm|แขน 24cm|เอว 98cm|เสื้อด้านหน้า 80cm|เสื้อด้านหลัง 88cm|ราคา 350 บาท"
CP0455,"เดรส|วัสดุ :  ผ้า cotton|สี: ขาว ดำ|ขนาด|ไหล่ 51cm|อก 102cm|แขน 24cm|เอว 98cm|เสื้อด้านหน้า 80cm|เสื้อด้านหลัง 88cm|ราคา 350 บาท"
CP0456,"เสื้อ+กระโปรง|วัสดุ :  ผ้า cotton+ผ้าชีฟอง|สี: ขาว ดำ|ขนาด|ไหล่ 39cm|อก 90-116cm|แขน 13cm|เอว 62-118cm|กระโปรง 110cm|ราคา 480 บาท"
CP0457,"เสื้อ+กระโปรง|วัสดุ :  ผ้า cotton+ผ้าชีฟอง|สี: ขาว ดำ|ขนาด|ไหล่ 39cm|อก 90-116cm|แขน 13cm|เอว 62-118cm|กระโปรง 110cm|ราคา 480 บาท"
CP0458,"เดรส|วัสดุ :  ผ้าชีฟอง|สี: ขาว|ขนาด|อก 72-90cm|เอว 85cm|ราคา 420 บาท"
CP0459,"เสื้อ+กระโปรง|วัสดุ :  ผ้าชีฟอง|สี: ขาว|ขนาด|เสื้อ|ไหล่ 38cm|อก 92cm|แขน 15cm|เอว 92cm|ยาว 48cm|กระโปรง|เอว 62-86cm|ยาว 39cm|ราคา 410 บาท"
CP0460,"เดรส|วัสดุ :  ผ้า cotton|สี: ขาว ดำ|ขนาด|ไหล่ 43cm|อก 92cm|แขน 17cm|ยาว 87cm|ราคา 280 บาท"
CP0461,"เดรส|วัสดุ :  ผ้า cotton|สี: ขาว ดำ|ขนาด|ไหล่ 43cm|อก 92cm|แขน 17cm|ยาว 87cm|ราคา 280 บาท"
CP0462,"เดรสยาว|วัสดุ :  ผ้าไหมพรม|สี: ตามรูป|ขนาด|ไหล่ 30cm+|ยาว 127cm|ราคา 420 บาท"
CP0463,"เดรสยาว|วัสดุ :  ผ้าไหมพรม|สี: ตามรูป|ขนาด|ไหล่ 30cm+|ยาว 82cm|ราคา 420 บาท"
CP0464,"เสื้อคลุมตัวยาว|วัสดุ :  ผ้าชีฟอง|สี: ขาว ดำ|ขนาด|ไหล่ 41cm|อก 102cm|ความยาวด้านหน้า 106cm|ความยาวด้านหลัง 110cm|ราคา 380 บาท"
CP0465,"เสื้อคลุมตัวยาว|วัสดุ :  ผ้าชีฟอง|สี: ขาว ดำ|ขนาด|ไหล่ 41cm|อก 102cm|ความยาวด้านหน้า 106cm|ความยาวด้านหลัง 110cm|ราคา 380 บาท"
CP0466,"เดรส|วัสดุ :  ผ้า cotton|สี: ขาว ดำ ส้ม แดง|ขนาด|ไหล่ 42cm|อก 80cm|แขน 18cm|เอว 76cm|ยาว 81cm|ราคา 330 บาท"
CP0467,"เดรส|วัสดุ :  ผ้า cotton|สี: ขาว ดำ ส้ม แดง|ขนาด|ไหล่ 42cm|อก 80cm|แขน 18cm|เอว 76cm|ยาว 81cm|ราคา 330 บาท"
CP0468,"เดรส|วัสดุ :  ผ้า cotton|สี: ขาว ดำ ส้ม แดง|ขนาด|ไหล่ 42cm|อก 80cm|แขน 18cm|เอว 76cm|ยาว 81cm|ราคา 330 บาท"
CP0469,"เดรส|วัสดุ :  ผ้า cotton|สี: ขาว ดำ ส้ม แดง|ขนาด|ไหล่ 42cm|อก 80cm|แขน 18cm|เอว 76cm|ยาว 81cm|ราคา 330 บาท"
CP0470,"เสื้อ+กางเกง|วัสดุ :  ผ้าชีฟอง|สี: ขาว ดำ|ขนาด|S : เสื้อ อก 88cm/ยาว 52cm |กางเกง เอว 70cm/ยาว 33cm|M : เสื้อ อก 88cm/ยาว 52cm|กางเกง เอว 72cm/ยาว 34cm|ราคา 470 บาท"
CP0471,"เสื้อ+กางเกง|วัสดุ :  ผ้าชีฟอง|สี: ขาว ดำ|ขนาด|S : เสื้อ อก 88cm/ยาว 52cm |กางเกง เอว 70cm/ยาว 33cm|M : เสื้อ อก 88cm/ยาว 52cm|กางเกง เอว 72cm/ยาว 34cm|ราคา 470 บาท"
CP0472,"เสื้อ|วัสดุ :  ผ้าชีฟอง|สี: ขาว ดำ|ขนาด|ไหล่ 38cm|อก 90cm|ยาว 52cm|ราคา 310 บาท"
CP0473,"เสื้อ|วัสดุ :  ผ้าชีฟอง|สี: ขาว ดำ|ขนาด|ไหล่ 38cm|อก 90cm|ยาว 52cm|ราคา 310 บาท"
CP0474,"เสื้อ|วัสดุ :  ผ้าลูกไม้|สี: ขาว|ขนาด|ไหล่ 33cm|อก 82cm|เอว 74cm|ยาว 60cm|ราคา 440 บาท"
CP0475,"เอี๊ยมกางเกง+เสื้อ|วัสดุ :  ผ้าชีฟอง|สี: ชมพู เทา|ขนาด|เอี๊ยม|ไหล่ 40cm|อก 94cm|เอว 96cm|ยาว 74cm|ราคา 440 บาท"
CP0476,"เอี๊ยมกางเกง+เสื้อ|วัสดุ :  ผ้าชีฟอง|สี: ชมพู เทา|ขนาด|เอี๊ยม|ไหล่ 40cm|อก 94cm|เอว 96cm|ยาว 74cm|ราคา 440 บาท"
CP0477,"เดรส|วัสดุ :  ผ้าชีฟอง|สี: เทา ดำ ดอกไม้|ขนาด|ไหล่ 31cm|อก 82cm|เอว 96cm|ยาว 79cm|ราคา 340 บาท"
CP0478,"เดรส|วัสดุ :  ผ้าชีฟอง|สี: เทา ดำ ดอกไม้|ขนาด|ไหล่ 31cm|อก 82cm|เอว 96cm|ยาว 79cm|ราคา 340 บาท"
CP0479,"เดรส|วัสดุ :  ผ้าชีฟอง|สี: เทา ดำ ดอกไม้|ขนาด|ไหล่ 31cm|อก 82cm|เอว 96cm|ยาว 79cm|ราคา 340 บาท"
CP0480,"เดรส|วัสดุ :  ผ้า cotton|สี: ฟ้า|ขนาด|อก 89cm|เอว 70cm|ยาว 65.5cm|ราคา 410 บาท"
CP0481,"เสื้อ|วัสดุ :  ผ้า cotton โปร่ง|สี: ขาว|ขนาด|ไหล่ 36cm|อก 94cm|แขน 26cm|เอว 86cm|ยาว 55cm|ราคา 230 บาท"
CP0482,"เสื้อ|วัสดุ :  ผ้า cotton โปร่ง|สี: ขาว|ขนาด|ไหล่ 31cm|อก 110cm|แขน 36cm|ยาว 50cm|ราคา 380 บาท"
CP0483,"เดรส|วัสดุ :  ผ้า cotton+ชีฟอง|สี: ขาว ดำ|ขนาด|ไหล่ 57cm|อก 104cm|แขน 15cm|เอว 102cm|ยาว 74cm|ราคา 380 บาท"
CP0484,"เดรส|วัสดุ :  ผ้า cotton+ชีฟอง|สี: ขาว ดำ|ขนาด|ไหล่ 57cm|อก 104cm|แขน 15cm|เอว 102cm|ยาว 74cm|ราคา 380 บาท"
CP0485,"เดรส|วัสดุ :  ลูกไม้|สี: ขาว|ขนาด|ไหล่ 33cm|อก 88cm|เอว 70cm|ยาว 80cm|ราคา 450 บาท"
CP0486,"กระโปรง|วัสดุ :  ผ้าชีฟอง|สี: น้ำตาลอ่อน|ขนาด|เอว 64-80cm|สะโพก 88cm|ด้านในยาว 35cm|ด้านนอกยาว 53cm|ราคา 400 บาท"
CP0487,"เสื้อ+กางเกง|วัสดุ :  ผ้า cotton|สี: ขาว ดำ|ขนาด|เสื้อ|ไหล่ 37cm|อก 96cm|ด้านหน้ายาว 43cm|ด้านหลังยาว 51cm|กางเกง|เอว 72cm|สะโพก 100cm|ยาว 31cm|ราคา 480 บาท"
CP0488,"เสื้อ+กางเกง|วัสดุ :  ผ้า cotton|สี: ขาว ดำ|ขนาด|เสื้อ|ไหล่ 37cm|อก 96cm|ด้านหน้ายาว 43cm|ด้านหลังยาว 51cm|กางเกง|เอว 72cm|สะโพก 100cm|ยาว 31cm|ราคา 480 บาท"
CP0489,"เดรส|วัสดุ :  ผ้าลูกไม้|สี: ขาว|ขนาด|อก 80cm|เอว 82cm|ยาว 79cm|ราคา 370 บาท"
CP0490,"เสื้อ+กางเกง|วัสดุ :  ผ้าชีฟอง|สี: ขาว ดำ|ขนาด|เสื้อ|ไหล่ 33cm|อก 86cm|เอว 106cm|ยาว 49cm||กางเกง|เอว 60-88cm|ยาว 79cm|ราคา 550 บาท"
CP0491,"เสื้อ+กางเกง|วัสดุ :  ผ้าชีฟอง|สี: ขาว ดำ|ขนาด|เสื้อ|ไหล่ 33cm|อก 86cm|เอว 106cm|ยาว 49cm||กางเกง|เอว 60-88cm|ยาว 79cm|ราคา 550 บาท"
CP0492,"เสื้อ+กางเกง|วัสดุ :  ผ้าชีฟอง|สี: ขาว ดำ|ขนาด|เสื้อ|ไหล่ 33cm|อก 86cm|เอว 106cm|ยาว 49cm||กางเกง|เอว 60-88cm|ยาว 79cm|ราคา 550 บาท"
CP0493,"เสื้อ+กางเกง|วัสดุ :  ผ้าชีฟอง|สี: ขาว ดำ|ขนาด|เสื้อ|ไหล่ 33cm|อก 86cm|เอว 106cm|ยาว 49cm||กางเกง|เอว 60-88cm|ยาว 79cm|ราคา 550 บาท"
CP0494,"เดรส|วัสดุ :  ผ้าลินิน|สี: ลายดอกไม้|ขนาด|ไหล่ 39cm|อก 98cm|แขน 23cm|ยาว 77cm|ราคา 400 บาท"
CP0495,"เดรส|วัสดุ :  ผ้าลินิน|สี: แดง|ขนาด|ไหล่ 43cm|อก 94cm|เอว 94cm|ยาว 80cm|ราคา 380 บาท"
CP0496,"เดรส|วัสดุ :  ผ้าโพลีเอสเตอร์|สี: ขาว น้ำเงินนาวี|ขนาด|อก 90cm|แขน 14cm|เอว 90cm|ยาว 75cm|ราคา 410 บาท"
CP0497,"เดรส|วัสดุ :  ผ้าโพลีเอสเตอร์|สี: ขาว น้ำเงินนาวี|ขนาด|อก 90cm|แขน 14cm|เอว 90cm|ยาว 75cm|ราคา 410 บาท"
CP0498,"เสื้อ+กางเกง|วัสดุ :  ผ้าชีฟอง|สี: ขาว ดำ เทา|ขนาด|เสื้อ|ไหล่ 36cm|อก 104cm|ยาว 52-58cm|กางเกง|เอว 66-90cm|ยาว 34cm|ราคา 440 บาท"
CP0499,"เสื้อ+กางเกง|วัสดุ :  ผ้าชีฟอง|สี: ขาว ดำ เทา|ขนาด|เสื้อ|ไหล่ 36cm|อก 104cm|ยาว 52-58cm|กางเกง|เอว 66-90cm|ยาว 34cm|ราคา 440 บาท"
CP0500,"เสื้อ+กางเกง|วัสดุ :  ผ้าชีฟอง|สี: ขาว ดำ เทา|ขนาด|เสื้อ|ไหล่ 36cm|อก 104cm|ยาว 52-58cm|กางเกง|เอว 66-90cm|ยาว 34cm|ราคา 440 บาท"
CP0501,"เดรส|วัสดุ :  ผ้าชีฟอง|สี: ดอกไม้|ขนาด|ยาว 137cm|ราคา 410 บาท"
CP0502,"เสื้อมีฮู้ด|วัสดุ :  ผ้า cotton|สี: ขาว ดำ|ขนาด|ไหล่ 45cm|อก 88cm|เอว 86cm|ยาว 79cm|ราคา 260 บาท"
CP0503,"เสื้อมีฮู้ด|วัสดุ :  ผ้า cotton|สี: ขาว ดำ|ขนาด|ไหล่ 45cm|อก 88cm|เอว 86cm|ยาว 79cm|ราคา 260 บาท"
CP0504,"เดรส|วัสดุ :  ผ้า cotton|สี: ขาว ดำ|ขนาด|ไหล่ 38cm|อก 104cm|แขน 13cm|ยาว 85cm|ราคา 340 บาท"
CP0505,"เดรส|วัสดุ :  ผ้าฟลูอิด|สี: ตามรูป|ขนาด|ไหล่ 38cm|อก 94cm|แขน 38cm|เอว 88cm|ยาว 76cm||ราคา 340 บาท"
CP0506,"เสื้อ+กางเกง|วัสดุ :  ผ้า cotton|สี: เทา แดง|ขนาด|เสื้อ|ไหล่ 42cm|อก 92cm|แขน 17cm|ยาว 59cm|กางเกง|เอว 58-74cm(ยางยืด)|สะโพก 92cm|ยาว 35cm|ราคา 420 บาท"
CP0507,"เสื้อ+กางเกง|วัสดุ :  ผ้า cotton|สี: เทา แดง|ขนาด|เสื้อ|ไหล่ 42cm|อก 92cm|แขน 17cm|ยาว 59cm|กางเกง|เอว 58-74cm(ยางยืด)|สะโพก 92cm|ยาว 35cm|ราคา 420 บาท"
CP0508,"เดรส|วัสดุ :  ผ้าทอ|สี: ดำ|ขนาด|ไหล่ 53cm|อก 90cm|แขน 14cm|เอว 88cm|ยาว 80cm|ราคา 280 บาท"
CP0509,"เดรส|วัสดุ :  ผ้าชีฟอง|สี: ขาว ดำ เขียวอ่อน|ขนาด|ไหล่ 42cm|อก 92cm|แขน 28cm|เอว 88cm|ด้านหน้ายาว 55cm|ด้านหลังยาว 72cm|ราคา 470 บาท"
CP0510,"เดรส|วัสดุ :  ผ้าชีฟอง|สี: ขาว ดำ เขียวอ่อน|ขนาด|ไหล่ 42cm|อก 92cm|แขน 28cm|เอว 88cm|ด้านหน้ายาว 55cm|ด้านหลังยาว 72cm|ราคา 470 บาท"
CP0511,"เดรส|วัสดุ :  ผ้าชีฟอง|สี: ขาว ดำ เขียวอ่อน|ขนาด|ไหล่ 42cm|อก 92cm|แขน 28cm|เอว 88cm|ด้านหน้ายาว 55cm|ด้านหลังยาว 72cm|ราคา 470 บาท"
CP0512,"เสื้อ+กางเกง|วัสดุ :  ผ้า cotton|สี: เทา ดำ|ขนาด|เสื้อ|อก 100cm|แขน 45cm|ยาว 52-59cm|กางเกง|เอว 66-100cm|ยาว 74cm|ราคา 450 บาท"
CP0513,"เสื้อ+กางเกง|วัสดุ :  ผ้า cotton|สี: เทา ดำ|ขนาด|เสื้อ|อก 100cm|แขน 45cm|ยาว 52-59cm|กางเกง|เอว 66-100cm|ยาว 74cm|ราคา 450 บาท"
CP0514,"เสื้อ|วัสดุ :  ผ้าชีฟอง|สี: ดำ|ขนาด|อก 88cm|เอว 76cm|ยาว 78cm|ราคา 470 บาท"
CP0515,"เดรส|วัสดุ :  ผ้าลูกไม้|สี: ขาว|ขนาด|อก 92cm|ยาว 74cm|ราคา 420 บาท"
CP0516,"เดรส|วัสดุ :  ผ้าลูกไม้|สี: ขาว|ขนาด|อก 92cm|ยาว 74cm|ราคา 420 บาท"
CP0517,"เดรส|วัสดุ :  ผ้า cotton|สี: ขาว|ขนาด|ไหล่ 46cm|อก 94cm|แขน 46cm|เอว 86cm|ยาว 75cm|ราคา 490 บาท"
CP0518,"เดรส|วัสดุ :  ผ้า wool ยืด|สี: แดง ฟ้า เขียว|ขนาด|ไหล่ 33cm|อก 72-120cm|แขน 21cm|เอว 70-120cm|ยาว 123cm|ราคา 590 บาท"
CP0519,"เดรส|วัสดุ :  ผ้า wool ยืด|สี: แดง ฟ้า เขียว|ขนาด|ไหล่ 33cm|อก 72-120cm|แขน 21cm|เอว 70-120cm|ยาว 123cm|ราคา 590 บาท"
CP0520,"เดรส|วัสดุ :  ผ้า wool ยืด|สี: แดง ฟ้า เขียว|ขนาด|ไหล่ 33cm|อก 72-120cm|แขน 21cm|เอว 70-120cm|ยาว 123cm|ราคา 590 บาท"
CP0521,"เดรส|วัสดุ :  ผ้าชีฟอง|สี: ขาว|ขนาด|อก 100cm|เอว 120cm|ยาว 71cm|ราคา 280 บาท"
CP0522,"เดรส|วัสดุ :  ผ้าชีฟอง|สี: ขาว|ขนาด|อก 100cm|เอว 120cm|ยาว 71cm|ราคา 280 บาท"
CP0523,"กระโปรง|วัสดุ :  ผ้ายืด|สี: ดำ|ขนาด|เอว 66-78cm|สะโพก 88-94cm|ยาว 38cm|ราคา 350 บาท"
CP0524,"เดรส|วัสดุ :  ผ้า wool ยืด|สี: ชมพู ขาว|ขนาด|ไหล่ 29cm|อก 74cm|เอว 64cm|ยาว 84cm|ราคา 350 บาท"
CP0525,"เดรส|วัสดุ :  ผ้า wool ยืด|สี: ชมพู ขาว|ขนาด|ไหล่ 29cm|อก 74cm|เอว 64cm|ยาว 84cm|ราคา 350 บาท"
CP0526,"เสื้อ+ไทด์|วัสดุ :  ผ้า cotton|สี: ขาว ดำ|ขนาด|ไหล่ 36cm|อก 86cm|แขน 24cm|ยาว 57cm|ราคา 370 บาท"
CP0527,"เสื้อ+ไทด์|วัสดุ :  ผ้า cotton|สี: ขาว ดำ|ขนาด|ไหล่ 36cm|อก 86cm|แขน 24cm|ยาว 57cm|ราคา 400 บาท"
CP0528,"เดรส|วัสดุ :  ผ้า cotton|สี: ขาว|ขนาด|ไหล่ 66cm|อก 100cm|แขน 23cm|เอว 98cm|ยาว 93cm|ราคา 490 บาท"
CP0529,"เสื้อ+กางเกง|วัสดุ :  ผ้า cotton|สี: ขาวดำ|ขนาด|เสื้อ|อก 100cm|แขน 42cm|ยาว 52cm|กางเกง|เอว 60-100cm|ยาว 32cm|ราคา 330 บาท"
CP0530,"เดรส|วัสดุ :  ผ้า cotton|สี: ฟ้า|ขนาด|ไหล่ 50cm|อก 94cm|แขน 42cm|เอว 86cm|ยาว 79cm|ราคา 280 บาท"
CP0531,"เดรส|วัสดุ :  ผ้า cotton|สี: ดำ|ขนาด|ไหล่ 63cm|อก 98cm|แขน 20cm|ด้านหน้ายาว 86cm|ด้านหลังยาว 93cm|ราคา 280 บาท"
CP0532,"เดรส|วัสดุ :  ผ้า cotton|สี: ดำ|ขนาด|ไหล่ 63cm|อก 98cm|แขน 20cm|ด้านหน้ายาว 86cm|ด้านหลังยาว 93cm|ราคา 410 บาท"
CP0533,"เอี๊ยม|วัสดุ :  ผ้าชีฟอง|สี: ดำ|ขนาด|S,M|ราคา 410 บาท"
CP0534,"เดรส|วัสดุ :  ผ้า cotton|สี: จิ้งจอก|ขนาด|อก 76cm|เอว 66cm|ยาว 73cm|ราคา 510 บาท"
CP0535,"เสื้อ+กระโปรง|วัสดุ :  ผ้า cotton|สี: ขาว แดง น้ำเงินนาวี|ขนาด|เสื้อ|อก 88cm|ยาว 77cm|กระโปรง |เอว 78cm|ยาว 46cm|ราคา 450 บาท"
CP0536,"เสื้อ+กระโปรง|วัสดุ :  ผ้า cotton|สี: ขาว แดง น้ำเงินนาวี|ขนาด|เสื้อ|อก 88cm|ยาว 77cm|กระโปรง |เอว 78cm|ยาว 46cm|ราคา 450 บาท"
CP0537,"เสื้อ+กระโปรง|วัสดุ :  ผ้า cotton|สี: ขาว แดง น้ำเงินนาวี|ขนาด|เสื้อ|อก 88cm|ยาว 77cm|กระโปรง |เอว 78cm|ยาว 46cm|ราคา 450 บาท"
CP0538,"เสื้อ+กางเกง|วัสดุ :  ผ้า cotton ผสม|สี: ดำ เทา|ขนาด|เสื้อ|อก 94cm|ยาว 58cm|กางเกง|เอว 58-88cm|สะโพก 108cm|ยาว 34cm||ราคา 320 บาท"
CP0539,"เสื้อ+กางเกง|วัสดุ :  ผ้า cotton ผสม|สี: ดำ เทา|ขนาด|เสื้อ|อก 94cm|ยาว 58cm|กางเกง|เอว 58-88cm|สะโพก 108cm|ยาว 34cm||ราคา 320 บาท"
CP0540,"เดรส|วัสดุ :  ผ้า cotton|สี: ขาว|ขนาด: ไหล่ 45cm|อก 84cm|แขน 18cm|เอว 82cm|ยาว 70cm|ราคา 310 บาท"
CP0541,"เดรส|วัสดุ :  ผ้า cotton ผสม|สี: ขาว ดำ|ขนาด: ไหล่ 45cm|อก 88cm|แขน 23cm|เอว 84cm|ยาว 70cm|ราคา 280 บาท"
CP0542,"เดรส|วัสดุ :  ผ้า cotton ผสม|สี: ขาว ดำ|ขนาด: ไหล่ 45cm|อก 88cm|แขน 23cm|เอว 84cm|ยาว 70cm|ราคา 280 บาท"
CP0543,"เดรส|วัสดุ :  ผ้าชีฟอง|สี: ขาว ดำ|ขนาด: อก 88cm|เอว 92cm|ยาว 81cm|ราคา 340 บาท"
CP0544,"เดรส|วัสดุ :  ผ้าชีฟอง|สี: ขาว ดำ|ขนาด: อก 88cm|เอว 92cm|ยาว 81cm|ราคา 340 บาท"
CP0545,"เสื้อ+กางเกง|วัสดุ :  ผ้าชีฟอง|สี: ขาว ดำ|ขนาด: เสื้อ|อก 96cm|ยาว 46cm|กางเกง|เอว 66-78cm|ยาว 71cm|ราคา 450 บาท"
CP0546,"เสื้อ+กางเกง|วัสดุ :  ผ้าชีฟอง|สี: ขาว ดำ|ขนาด: เสื้อ|อก 96cm|ยาว 46cm|กางเกง|เอว 66-78cm|ยาว 71cm|ราคา 450 บาท"
CP0547,"เดรส|วัสดุ :  ผ้าชีฟอง|สี: ขาว เทา|ขนาด: อก 76cm|เอว 72-88cm|ยาว 75cm|ราคา 410 บาท"
CP0548,"เดรส|วัสดุ :  ผ้าชีฟอง|สี: ขาว เทา|ขนาด: อก 76cm|เอว 72-88cm|ยาว 75cm|ราคา 410 บาท"
CP0549,"เดรส|วัสดุ :  ผ้าชีฟอง|สี: ขาว แดง|ขนาด: อก freesize|ยาว 82cm|ราคา 440 บาท"
CP0550,"เดรส|วัสดุ :  ผ้าชีฟอง|สี: ขาว แดง|ขนาด: อก freesize|ยาว 82cm|ราคา 440 บาท"
CP0551,"เดรสยาว+ฮู้ด|วัสดุ :  ผ้า cotton|สี: ดำ เทา เบจ|ขนาด: อก 90cm|ยาว 109cm|ราคา 280 บาท"
CP0552,"เดรสยาว+ฮู้ด|วัสดุ :  ผ้า cotton|สี: ดำ เทา เบจ|ขนาด: อก 90cm|ยาว 109cm|ราคา 280 บาท"
CP0553,"เดรสยาว+ฮู้ด|วัสดุ :  ผ้า cotton|สี: ดำ เทา เบจ|ขนาด: อก 90cm|ยาว 109cm|ราคา 280 บาท"
CP0554,"เสื้อ|วัสดุ :  ผ้าทอโปร่ง|สี: ขาว ดำ เทา|ขนาด: ไหล่ 60cm|อก 102cm|แขน 15cm|เอว 98cm|ยาว 64cm|ราคา 270 บาท"
CP0555,"เสื้อ|วัสดุ :  ผ้าทอโปร่ง|สี: ขาว ดำ เทา|ขนาด: ไหล่ 60cm|อก 102cm|แขน 15cm|เอว 98cm|ยาว 64cm|ราคา 270 บาท"
CP0556,"เสื้อ|วัสดุ :  ผ้าทอโปร่ง|สี: ขาว ดำ เทา|ขนาด: ไหล่ 60cm|อก 102cm|แขน 15cm|เอว 98cm|ยาว 64cm|ราคา 270 บาท"
CP0557,"เสื้อ|วัสดุ :  ผ้าชีฟอง|สี: ขาว แดง|ขนาด: ไหล่ 35cm|อก 70cm|แขน 18cm|เอว 66cm|ยาว 52cm|ราคา 280 บาท"
CP0558,"เสื้อ|วัสดุ :  ผ้าชีฟอง|สี: ขาว แดง|ขนาด: ไหล่ 35cm|อก 70cm|แขน 18cm|เอว 66cm|ยาว 52cm|ราคา 280 บาท"
CP0559,"เดรส|วัสดุ :  ผ้า cotton|สี: ขาว เทา|ขนาด: ไหล่ 43cm|อก 82cm|แขน 18cm|เอว 74cm|ยาว 72cm|ราคา 370 บาท"
CP0560,"เดรส|วัสดุ :  ผ้า cotton|สี: ขาว เทา|ขนาด: ไหล่ 43cm|อก 82cm|แขน 18cm|เอว 74cm|ยาว 72cm|ราคา 370 บาท"
CP0561,"เดรส|วัสดุ :  ผ้า cotton|สี: ขาว เทา|ขนาด: ไหล่ 43cm|อก 82cm|แขน 18cm|เอว 74cm|ยาว 72cm|ราคา 370 บาท"
CP0562,"เสื้อ+กางเกง|วัสดุ :  ผ้าชีฟอง|สี: ขาว ฟ้า|ขนาด: เสื้อ|อก 84cm|เอว 46-80cm|ยาว 48cm|กางเกง|เอว 58-84cm|ยาว 32cm|ราคา 340 บาท"
CP0563,"เสื้อ+กางเกง|วัสดุ :  ผ้าชีฟอง|สี: ขาว ฟ้า|ขนาด: เสื้อ|อก 84cm|เอว 46-80cm|ยาว 48cm|กางเกง|เอว 58-84cm|ยาว 32cm|ราคา 340 บาท"
CP0564,"เสื้อ+กางเกง|วัสดุ :  ผ้าไหมแก้ว+ชีฟอง|สี: ขาว ดำ|ขนาด: เสื้อ|ไหล่ 39cm|อก 88cm|แขน 32cm|ยาว 54cm|กางเกง|เอว 54-76cm|ยาว 35cm|ราคา 510 บาท"
CP0565,"เสื้อ+กางเกง|วัสดุ :  ผ้าไหมแก้ว+ชีฟอง|สี: ขาว ดำ|ขนาด: เสื้อ|ไหล่ 39cm|อก 88cm|แขน 32cm|ยาว 54cm|กางเกง|เอว 54-76cm|ยาว 35cm|ราคา 510 บาท"
CP0566,"เสื้อ|วัสดุ :  ผ้าชีฟอง|สี: ขาว|ขนาด: ไหล่ 33cm|อก 82cm|แขน 23cm|ยาว 54cm|ราคา 350 บาท"
CP0567,"เสื้อ|วัสดุ :  ผ้า cotton|สี: ขาว|ขนาด: ไหล่ 38cm|อก 90cm|แขน 24cm|ยาว 43cm|ราคา 300 บาท"
CP0568,"เสื้อ|วัสดุ :  ผ้า cotton|สี: ขาว|ขนาด: ไหล่ 38cm|อก 90cm|แขน 24cm|ยาว 43cm|ราคา 300 บาท"
CP0569,"เสื้อใน+เสื้อนอก|วัสดุ :  ผ้า cotton+ลูกไม้|สี: ขาว ดำ|ขนาด: เสื้อใน|อก 74cm|เอว 74cm|ยาว 42cm|เสื้อนอก|ไหล่ 33cm|อก 84cm|แขน 24cm|เอว 104cm|ยาว 60cm|ราคา 370 บาท"
CP0570,"เสื้อใน+เสื้อนอก|วัสดุ :  ผ้า cotton+ลูกไม้|สี: ขาว ดำ|ขนาด: เสื้อใน|อก 74cm|เอว 74cm|ยาว 42cm|เสื้อนอก|ไหล่ 33cm|อก 84cm|แขน 24cm|เอว 104cm|ยาว 60cm|ราคา 370 บาท"
CP0571,"เดรส+เสื้อใน|วัสดุ :  ผ้า cotton+ลูกไม้|สี: ขาว|ขนาด: เสื้อใน|อก 76cm|เอว 72cm|ยาว 65cm|เดรสนอก|อก 94cm|เอว 88cm|ยาว 83cm|ราคา 610 บาท"
CP0572,"เดรส|วัสดุ :  ผ้าฟลูอิด|สี: แดง ขาว ฟ้า|ขนาด: ไหล่ 40cm|อก 108cm|แขน 28cm|เอว 116cm|ยาว 85cm|ราคา 490 บาท"
CP0573,"เดรส|วัสดุ :  ผ้าฟลูอิด|สี: แดง ขาว ฟ้า|ขนาด: ไหล่ 40cm|อก 108cm|แขน 28cm|เอว 116cm|ยาว 85cm|ราคา 490 บาท"
CP0574,"เดรส|วัสดุ :  ผ้าฟลูอิด|สี: แดง ขาว ฟ้า|ขนาด: ไหล่ 40cm|อก 108cm|แขน 28cm|เอว 116cm|ยาว 85cm|ราคา 490 บาท"
CP0575,"เดรส|วัสดุ :  ผ้าชีฟอง|สี: ขาว ดำ|ขนาด: ไหล่ 35cm|อก 90cm|เอว 94cm|ยาว 78cm|ราคา 340 บาท"
CP0576,"เดรส|วัสดุ :  ผ้าชีฟอง|สี: ขาว ดำ|ขนาด: ไหล่ 35cm|อก 90cm|เอว 94cm|ยาว 78cm|ราคา 340 บาท"
CP0577,"เดรส|วัสดุ :  ผ้าชีฟอง|สี: ขาว ดำ น้ำเงิน ชมพู|ขนาด: อก 98cm|แขน 28cm|เอว 92cm|ยาว 54cm|ราคา 310 บาท"
CP0578,"เดรส|วัสดุ :  ผ้าชีฟอง|สี: ขาว ดำ น้ำเงิน ชมพู|ขนาด: อก 98cm|แขน 28cm|เอว 92cm|ยาว 54cm|ราคา 310 บาท"
CP0579,"เดรส|วัสดุ :  ผ้าชีฟอง|สี: ขาว ดำ น้ำเงิน ชมพู|ขนาด: อก 98cm|แขน 28cm|เอว 92cm|ยาว 54cm|ราคา 310 บาท"
CP0580,"เดรส|วัสดุ :  ผ้าชีฟอง|สี: ขาว ดำ น้ำเงิน ชมพู|ขนาด: อก 98cm|แขน 28cm|เอว 92cm|ยาว 54cm|ราคา 310 บาท"
CP0581,"เสื้อ|วัสดุ :  ผ้า cotton|สี: แดง ดำ|ขนาด: ไหล่ 59cm|อก 122cm|แขน 13cm|ราคา 210 บาท"
CP0582,"เสื้อ|วัสดุ :  ผ้า cotton|สี: แดง ดำ|ขนาด: ไหล่ 59cm|อก 122cm|แขน 13cm|ราคา 210 บาท"
CP0583,"เดรส|วัสดุ :  ผ้า cotton|สี: เหลือง ฟ้า|ขนาด: ไหล่ 46cm|อก 110cm|แขน 16cm|ยาว 65cm|ราคา 340 บาท"
CP0584,"เดรส|วัสดุ :  ผ้า cotton|สี: เหลือง ฟ้า|ขนาด: ไหล่ 46cm|อก 110cm|แขน 16cm|ยาว 65cm|ราคา 340 บาท"
CP0585,"เสื้อกะลาสี|วัสดุ :  ผ้าชีฟอง|สี: ขาว น้ำเงิน|ขนาด: ไหล่ 54cm|อก 108cm|แขน 18.5cm|ยาว 64cm|ราคา 270 บาท"
CP0586,"เสื้อกะลาสี|วัสดุ :  ผ้าชีฟอง|สี: ขาว น้ำเงิน|ขนาด: ไหล่ 54cm|อก 108cm|แขน 18.5cm|ยาว 64cm|ราคา 270 บาท"
CP0587,"เสื้อกะลาสี|วัสดุ :  ผ้าชีฟอง|สี: ขาว น้ำเงิน|ขนาด: ไหล่ 54cm|อก 108cm|แขน 18.5cm|ยาว 64cm|ราคา 270 บาท"
CP0588,"เสื้อคลุม|วัสดุ :  ผ้าชีฟอง|สี: ขาว ดำ ฟ้า|ขนาด: freesize|ราคา 340 บาท"
CP0589,"เสื้อคลุม|วัสดุ :  ผ้าชีฟอง|สี: ขาว ดำ ฟ้า|ขนาด: freesize|ราคา 340 บาท"
CP0590,"เสื้อคลุม|วัสดุ :  ผ้าชีฟอง|สี: ขาว ดำ ฟ้า|ขนาด: freesize|ราคา 340 บาท"
CP0591,"เดรส|วัสดุ :  ผ้า cotton|สี: ขาว ดำ|ขนาด: ไหล่ 42cm|อก 102cm|ยาว 88cm|ราคา 300 บาท"
CP0592,"เดรส|วัสดุ :  ผ้า cotton|สี: ขาว ดำ|ขนาด: ไหล่ 42cm|อก 102cm|ยาว 88cm|ราคา 300 บาท"
CP0593,"เดรสยาว|วัสดุ :  ผ้า cotton|สี: ขาว ดำ|ขนาด: ไหล่ 38cm|อก 99cm|เอว 98cm|ยาว 115cm|ราคา 280 บาท"
CP0594,"เดรสยาว|วัสดุ :  ผ้า cotton|สี: ขาว ดำ|ขนาด: ไหล่ 38cm|อก 99cm|เอว 98cm|ยาว 115cm|ราคา 280 บาท"
CP0595,"เดรส|วัสดุ :  ผ้า cotton|สี: ชมพู ฟ้า|ขนาด: ไหล่ 33cm|อก 84cm|แขน 21cm|ยาว 77cm|ราคา 370 บาท"
CP0596,"เดรส|วัสดุ :  ผ้า cotton|สี: ชมพู ฟ้า|ขนาด: ไหล่ 33cm|อก 84cm|แขน 21cm|ยาว 77cm|ราคา 370 บาท"
CP0597,"เสื้อ|วัสดุ :  ผ้า cotton โปร่ง|สี: แตงโม แก้วมัวกร เชอรี่ สัปปะรด|ขนาด: ไหล่ 48cm|อก 92cm|แขน 12cm|ยาว 59cm|ราคา 280 บาท"
CP0598,"เสื้อ|วัสดุ :  ผ้า cotton โปร่ง|สี: แตงโม แก้วมัวกร เชอรี่ สัปปะรด|ขนาด: ไหล่ 48cm|อก 92cm|แขน 12cm|ยาว 59cm|ราคา 280 บาท"
CP0599,"เสื้อ|วัสดุ :  ผ้า cotton โปร่ง|สี: แตงโม แก้วมัวกร เชอรี่ สัปปะรด|ขนาด: ไหล่ 48cm|อก 92cm|แขน 12cm|ยาว 59cm|ราคา 280 บาท"
CP0600,"เสื้อ|วัสดุ :  ผ้า cotton โปร่ง|สี: แตงโม แก้วมัวกร เชอรี่ สัปปะรด|ขนาด: ไหล่ 48cm|อก 92cm|แขน 12cm|ยาว 59cm|ราคา 280 บาท"
CP0601,"เสื้อ|วัสดุ :  ผ้า cotton โปร่ง|สี: แตงโม แก้วมัวกร เชอรี่ สัปปะรด|ขนาด: ไหล่ 48cm|อก 92cm|แขน 12cm|ยาว 59cm|ราคา 280 บาท"
CP0602,"เสื้อ|วัสดุ :  ผ้า cotton โปร่ง|สี: แตงโม แก้วมัวกร เชอรี่ สัปปะรด|ขนาด: ไหล่ 48cm|อก 92cm|แขน 12cm|ยาว 59cm|ราคา 280 บาท"
CP0603,"เสื้อ|วัสดุ :  ผ้า cotton|สี: ชมพู ฟ้า|ขนาด: อก 88-100cm|แขน 19cm|เอว 56-94cm|ยาว 52cm|ราคา 270 บาท"
CP0604,"เสื้อ|วัสดุ :  ผ้า cotton|สี: ชมพู ฟ้า|ขนาด: ไหล่ 47cm|อก 93cm|แขน 18.5cm|ยาว 62cm|ราคา 270 บาท"
CP0605,"เสื้อ|วัสดุ :  ผ้า cotton|สี: ชมพู เหลือง|ขนาด: ไหล่ 47cm|อก 93cm|แขน 18.5cm|ยาว 62cm|ราคา 190 บาท"
CP0606,"เสื้อ|วัสดุ :  ผ้า cotton|สี: ชมพู เหลือง|ขนาด: ไหล่ 47cm|อก 93cm|แขน 18.5cm|ยาว 62cm|ราคา 190 บาท"
CP0607,"เสื้อ|วัสดุ :  ผ้า cotton|สี: ชมพู เหลือง|ขนาด: ไหล่ 47cm|อก 93cm|แขน 18.5cm|ยาว 62cm|ราคา 190 บาท"
CP0608,"เสื้อ|วัสดุ :  ผ้า cotton|สี: ชมพู เหลือง|ขนาด: ไหล่ 47cm|อก 93cm|แขน 18.5cm|ยาว 62cm|ราคา 190 บาท"
CP0609,"เสื้อ|วัสดุ :  ผ้า cotton|สี: ชมพู เหลือง|ขนาด: ไหล่ 47cm|อก 93cm|แขน 18.5cm|ยาว 62cm|ราคา 190 บาท"
CP0610,"เดรส|วัสดุ :  ผ้า cotton|สี: ขาวดำ|ขนาด: ไหล่ 52cm|อก 104cm|แขน 12cm|ยาว 12cm|ราคา 330 บาท"
CP0611,"เสื้อ|วัสดุ :  ผ้า cotton|สี: ดำ แดง|ขนาด: ไหล่ 56cm|อก 120cm|แขน 25cm|ยาว 62cm|ราคา 210 บาท"
CP0612,"เสื้อ|วัสดุ :  ผ้า cotton|สี: ดำ แดง|ขนาด: ไหล่ 56cm|อก 120cm|แขน 25cm|ยาว 62cm|ราคา 210 บาท"
CP0613,"เดรส|วัสดุ :  ผ้าชีฟอง|สี: ขาว ดำ|ขนาด: แขน 45cm|ยาว 80cm|ราคา 560 บาท"
CP0614,"เดรส|วัสดุ :  ผ้าชีฟอง|สี: ขาว ดำ|ขนาด: แขน 45cm|ยาว 80cm|ราคา 560 บาท"
CP0615,"เสื้อ|วัสดุ :  ผ้า cotton|สี: ดำ ฟ้า|ขนาด: อก 100cm|ด้านหน้ายาว 56cm|ด้านหลังยาว 64cm|ราคา 370 บาท"
CP0616,"เสื้อ|วัสดุ :  ผ้า cotton|สี: ดำ ฟ้า|ขนาด: อก 100cm|ด้านหน้ายาว 56cm|ด้านหลังยาว 64cm|ราคา 370 บาท"
CP0617,"เสื้อ|วัสดุ :  ผ้า cotton|สี: เทา ดำ|ขนาด: ไหล่ 52cm|อก 51cm|แขน 18cm|ด้านหน้ายาว 61cm|ด้านหลังยาว 71cm|ราคา 300 บาท"
CP0618,"เสื้อ|วัสดุ :  ผ้า cotton|สี: เทา ดำ|ขนาด: ไหล่ 52cm|อก 51cm|แขน 18cm|ด้านหน้ายาว 61cm|ด้านหลังยาว 71cm|ราคา 300 บาท"
CP0619,"เสื้อ|วัสดุ :  ผ้า cotton|สี: เทา ดำ|ขนาด: ไหล่ 52cm|อก 51cm|แขน 18cm|ด้านหน้ายาว 61cm|ด้านหลังยาว 71cm|ราคา 300 บาท"
CP0620,"เดรส|วัสดุ :  ผ้า cotton|สี: ขาว|ขนาด: ไหล่ 54cm|อก 106cm|แขน 54cm|ยาว 63cm|ราคา 440 บาท"
CP0621,"เสื้อคลุมมีฮู้ด|วัสดุ :  ผ้า cotton|สี: ขาว เทา|ขนาด: อก 110cm|ยาว 85cm|ราคา 480 บาท"
CP0622,"เสื้อคลุมมีฮู้ด|วัสดุ :  ผ้า cotton|สี: ขาว เทา|ขนาด: อก 110cm|ยาว 85cm|ราคา 480 บาท"
CP0623,"เสื้อคลุมมีฮู้ด|วัสดุ :  ผ้า cotton|สี: ขาว เทา|ขนาด: อก 110cm|ยาว 85cm|ราคา 480 บาท"
CP0624,"เดรส|วัสดุ :  ผ้าลูกไม้|สี: ขาว|ขนาด: ไหล่ 44cm|อก 120cm|แขน 44cm|ยาว 87cm|ราคา 420 บาท"
CP0625,"เสื้อ|วัสดุ :  ผ้า cotton ผสม|สี: ขาว เหลือง|ขนาด: ไหล่ 50cm|อก 100cm|แขน 48cm|ด้านหน้ายาว 60cm|ด้านหลังยาว 68cm|ราคา 400 บาท"
CP0626,"เสื้อ|วัสดุ :  ผ้า cotton ผสม|สี: ขาว เหลือง|ขนาด: ไหล่ 50cm|อก 100cm|แขน 48cm|ด้านหน้ายาว 60cm|ด้านหลังยาว 68cm|ราคา 400 บาท"
CP0627,"เดรส|วัสดุ :  ผ้า cotton|สี: ขาว |ขนาด: ไหล่ 53cm|อก 99cm|แขน 20cm|ยาว 76cm|ราคา 440 บาท"
CP0628,"เดรส|วัสดุ :  ผ้าชีฟอง|สี: ดำ|ขนาด: freesize|ราคา 410 บาท"
CP0629,"เอี๊ยมกางเกง|วัสดุ :  ผ้าชีฟอง|สี: ดำ|ขนาด: สายเอี๊ยม 61cm|เอว 88cm|ด้านหน้ายาว 118cm|ด้านหลังยาว 105cm|ราคา 400 บาท"
CP0630,"เดรส|วัสดุ :  ผ้าลูกไม้|สี: ขาว|ขนาด: ไหล่ 34cm|อก 86cm|ยาว 109cm|ราคา 600 บาท"
CP0631,"เดรส|วัสดุ :  ผ้าฟลูอิด|สี: ดำ|ขนาด: อก 90cm|ด้านหน้ายาว 102cm|ด้านหลังยาว 108cm|ราคา 280 บาท"
CP0632,"เสื้อ|วัสดุ :  ผ้าไหมพรม|สี: ลายทาง|ขนาด: แขน 37cm|อก 76cm|ยาว 50cm|ราคา 350 บาท"
CP0633,"เสื้อ|วัสดุ :  ผ้า cotton|สี: ขาว ดำ|ขนาด: อก 72cm|ยาว 45cm|ราคา 260 บาท"
CP0634,"เสื้อ|วัสดุ :  ผ้า cotton|สี: ขาว ดำ|ขนาด: อก 72cm|ยาว 45cm|ราคา 260 บาท"
CP0635,"เดรส|วัสดุ :  ผ้าโพลีเอสเตอร์|สี: ดำ|ขนาด: ไหล่ 57cm|อก 104cm|แขน 20cm|ยาว 76cm|ราคา 410 บาท"
CP0636,"เดรส|วัสดุ :  ผ้าโพลีเอสเตอร์|สี: ดำ|ขนาด: ไหล่ 57cm|อก 104cm|แขน 20cm|ยาว 76cm|ราคา 410 บาท"
CP0637,"เดรส|วัสดุ :  ผ้า cotton|สี: แดง ดำ|ขนาด: ไหล่ 39cm|อก 88cm|แขน 23cm|ยาว 84cm|ราคา 310 บาท"
CP0638,"เดรส|วัสดุ :  ผ้า cotton|สี: แดง ดำ|ขนาด: ไหล่ 39cm|อก 88cm|แขน 23cm|ยาว 84cm|ราคา 310 บาท"
CP0639,"เสื้อ+กระโปรง|วัสดุ :  ผ้าชีฟอง|สี: ขาว|ขนาด: เสื้อ|ไหล่ 49cm|อก 116cm|แขน 49cm|ยาว 51cm|กระโปรง|เอว 70cm|สะโพก 90cm|ยาว 43cm|ราคา 540 บาท"
CP0640,"เสื้อ|วัสดุ :  ผ้า cotton|สี: ขาว|ขนาด: ไหล่ 45cm|อก 100cm|แขน 25cm|ยาว 55cm|ราคา 280 บาท"
CP0641,"เดรสโชว์หลัง|วัสดุ :  ผ้า cotton|สี: ดำ|ขนาด: ไหล่ 64cm|อก 106cm|แขน 17cm|ยาว 58cm|ราคา 310 บาท"
CP0642,"เดรสโชว์หลัง|วัสดุ :  ผ้า cotton|สี: ดำ|ขนาด: ไหล่ 64cm|อก 106cm|แขน 17cm|ยาว 58cm|ราคา 310 บาท"
CP0643,"เดรส+เสื้อใน|วัสดุ :  ผ้าไหมแก้ว+cotton|สี: ขาว ดำ|ขนาด: เสื้อนอก|ไหล่ 38cm|อก 88cm|แขน 20cm|ยาว 78cm|เสื้อใน|ไหล่ 33cm|อก 92cm|ยาว 70cm|ราคา 370 บาท"
CP0644,"เดรส+เสื้อใน|วัสดุ :  ผ้าไหมแก้ว+cotton|สี: ขาว ดำ|ขนาด: เสื้อนอก|ไหล่ 38cm|อก 88cm|แขน 20cm|ยาว 78cm|เสื้อใน|ไหล่ 33cm|อก 92cm|ยาว 70cm|ราคา 370 บาท"
CP0645,"เสื้อ|วัสดุ :  ผ้า cotton|สี: ขาวเหลือง ดำเหลือง|ขนาด: ไหล่ 48cm|อก 96cm|แขน 15cm|ยาว 56cm|ราคา 340 บาท"
CP0646,"เสื้อ|วัสดุ :  ผ้า cotton|สี: ขาวเหลือง ดำเหลือง|ขนาด: ไหล่ 48cm|อก 96cm|แขน 15cm|ยาว 56cm|ราคา 340 บาท"
CP0647,"เดรสเย็บเอว (สามารถถอดได้)|วัสดุ :  ผ้า cotton|สี: ขาว ดำ|ขนาด: เสื้อ|ไหล่ 39cm|อก 104cm|แขน 13cm|ยาว 35cm|กระโปรง|เอว 94cm|ยาว 44cm|ราคา 350 บาท"
CP0648,"เดรสเย็บเอว (สามารถถอดได้)|วัสดุ :  ผ้า cotton|สี: ขาว ดำ|ขนาด: เสื้อ|ไหล่ 39cm|อก 104cm|แขน 13cm|ยาว 35cm|กระโปรง|เอว 94cm|ยาว 44cm|ราคา 350 บาท"
CP0649,"เดรสเย็บเอว (สามารถถอดได้)|วัสดุ :  ผ้า cotton|สี: ขาว ดำ|ขนาด: เสื้อ|ไหล่ 39cm|อก 104cm|แขน 13cm|ยาว 35cm|กระโปรง|เอว 94cm|ยาว 44cm|ราคา 350 บาท"
CP0650,"เดรส|วัสดุ :  ผ้า cotton|สี: ขาว|ขนาด: ไหล่ 53cm|อก 104cm|แขน 21cm|ยาว 66cm|ราคา 260 บาท"
CP0651,"เอี๊ยมกางเกง|วัสดุ :  ผ้า cotton|สี: ดำ เทา|ขนาด: เอว 84cm|ขากางเกง 70cm|สายเอี๊ยม 21cm|ยาว 57cm|ราคา 370 บาท"
CP0652,"เอี๊ยมกางเกง|วัสดุ :  ผ้า cotton|สี: ดำ เทา|ขนาด: เอว 84cm|ขากางเกง 70cm|สายเอี๊ยม 21cm|ยาว 57cm|ราคา 370 บาท"
CP0653,"เดรสมีฮู้ด|วัสดุ :  ผ้า cotton|สี: แดง ดำ|ขนาด: ไหล่ 60cm|อก 102cm|แขน 24cm|ด้านหน้ายาว 65cm|ด้านหลังยาว 76cm|ราคา 370 บาท"
CP0654,"เดรสมีฮู้ด|วัสดุ :  ผ้า cotton|สี: แดง ดำ|ขนาด: ไหล่ 60cm|อก 102cm|แขน 24cm|ด้านหน้ายาว 65cm|ด้านหลังยาว 76cm|ราคา 370 บาท"
CP0655,"เสื้อ|วัสดุ :  ผ้า cotton โปร่ง|สี: ขาว|ขนาด: ไหล่ 59cm|อก 106cm|แขน 41cm|ยาว 63cm|ราคา 300 บาท"
CP0656,"เสื้อ+กางเกง|วัสดุ :  ผ้า cotton|สี: ขาว ดำ|ขนาด: เสื้อ|ไหล่ 44cm|อก 132cm|ยาว 57-69cm|กางเกง|เอว 60-90cm|ยาว 29cm|ราคา 380 บาท"
CP0657,"เสื้อ+กางเกง|วัสดุ :  ผ้า cotton|สี: ขาว ดำ|ขนาด: เสื้อ|ไหล่ 44cm|อก 132cm|ยาว 57-69cm|กางเกง|เอว 60-90cm|ยาว 29cm|ราคา 380 บาท"
CP0658,"เสื้อ|วัสดุ :  ผ้า cotton|สี: ส้ม|ขนาด: ไหล่ 27cm|อก 96cm|แขน 27cm|เอว 70-100cm|ยาว 41cm|ราคา 320 บาท"
CP0659,"เสื้อ|วัสดุ :  ผ้า cotton|สี: ขาว|ขนาด: ไหล่ 36cm|อก 104cm|แขน 36cm|ด้านหน้ายาว 53cm|ด้านหลังยาว 61cm|ราคา 300 บาท"
CP0660,"เอี๊ยมกระโปรง|วัสดุ :  ผ้าทอ|สี: เทา ชมพู|ขนาด: เอว 100cm|ยาว 65cm|ราคา 350 บาท"
CP0661,"เอี๊ยมกระโปรง|วัสดุ :  ผ้าทอ|สี: เทา ชมพู|ขนาด: เอว 100cm|ยาว 65cm|ราคา 350 บาท"
CP0662,"เอี๊ยมกระโปรง|วัสดุ :  ผ้าทอ|สี: เทา ชมพู|ขนาด: เอว 100cm|ยาว 65cm|ราคา 350 บาท"
CP0663,"เดรส|วัสดุ :  ผ้า cotton|สี: ขาว ดำ เทา|ขนาด: อก 102cm|แขน 43cm|เอว 96cm|ยาว 88cm|ราคา 330 บาท"
CP0664,"เดรส|วัสดุ :  ผ้า cotton|สี: ขาว ดำ เทา|ขนาด: อก 102cm|แขน 43cm|เอว 96cm|ยาว 88cm|ราคา 330 บาท"
CP0665,"เดรส|วัสดุ :  ผ้า cotton|สี: ขาว ดำ เทา|ขนาด: อก 102cm|แขน 43cm|เอว 96cm|ยาว 88cm|ราคา 330 บาท"
CP0666,"เสื้อ|วัสดุ :  ผ้าชีฟอง|สี: ขาว น้ำเงิน|ขนาด: ไหล่ 36cm|อก 88cm|ยาว 55cm|ราคา 300 บาท"
CP0667,"เสื้อ|วัสดุ :  ผ้าชีฟอง|สี: ขาว น้ำเงิน|ขนาด: ไหล่ 36cm|อก 88cm|ยาว 55cm|ราคา 300 บาท"
CP0668,"เดรส|วัสดุ :  ผ้า cotton ผสม|สี: ขาวเหลือง|ขนาด: ไหล่ 44cm|อก 96cm|แขน 22cm|เอว 94cm|ยาว 83cm|ราคา 370 บาท"
CP0669,"เดรส|วัสดุ :  ผ้าชีฟอง|สี: ดำ|ขนาด: ไหล่ 64cm|อก freesize|แขน 36cm|ยาว 39-85cm|ราคา 280 บาท"
CP0670,"เดรส|วัสดุ :  ผ้าชีฟอง+ลูกไม้+cotton|สี: ขาว ดำ|ขนาด: อก 94cm|เอว 86cm|ยาว 80cm|ราคา 410 บาท"
CP0671,"เดรส|วัสดุ :  ผ้าชีฟอง+ลูกไม้+cotton|สี: ขาว ดำ|ขนาด: อก 94cm|เอว 86cm|ยาว 80cm|ราคา 410 บาท"
CP0672,"เสื้อ|วัสดุ :  ผ้าทอ|สี: ครีม|ขนาด: อก 62-72cm|เอว 66cm|ยาว 41cm|ราคา 410 บาท"
CP0673,"เสื้อ|วัสดุ :  ผ้าชีฟอง|สี: ขาว ดำ|ขนาด: อก 92cm|ยาว 59cm|ราคา 300 บาท"
CP0674,"เสื้อ|วัสดุ :  ผ้าชีฟอง|สี: ขาว ดำ|ขนาด: อก 92cm|ยาว 59cm|ราคา 300 บาท"
CP0675,"เสื้อ|วัสดุ :  ผ้าชีฟอง|สี: ขาว ดำ|ขนาด: อก 92cm|ยาว 59cm|ราคา 300 บาท"
CP0676,"เดรส|วัสดุ :  ผ้า cotton|สี: ดำ|ขนาด: ไหล่ 38cm|อก 90cm|ยาว 77cm|ราคา 310 บาท"
CP0677,"เดรส|วัสดุ :  ผ้าชีฟอง|สี: ขาว|ขนาด: ไหล่ 51cm|อก 102cm|แขน 19cm|เอว 92cm|ยาว 73cm|ราคา 390 บาท"
CP0678,"เดรส|วัสดุ :  ผ้า cotton ทอ|สี : ดำ|ขนาด|ท่อนบน|ไหล่ 60cm|อก 100cm|แขน 48cm|ยาว 72cm|ราคา 470 บาท"
CP0679,"เดรส|วัสดุ :  ผ้า cotton|สี : ขาว|ขนาด|ท่อนบน|ไหล่ 38cm|อก 100cm|แขน 55cm|ยาว 73/83cm|ราคา 410 บาท"
CP0680,"เดรส|วัสดุ :  ผ้าชีฟอง+ผ้าวูล|สี : แดง ดำ|ขนาด|ท่อนบน|ไหล่ 37cm|อก 94cm|แขน 40cm|ยาว 56cm|ท่อนล่าง|เอว 76cm|สะโพก 91cm|ยาว 83cm|ราคา 440 บาท"
CP0681,"เดรส|วัสดุ :  ผ้าชีฟอง+ผ้าวูล|สี : แดง ดำ|ขนาด|ท่อนบน|ไหล่ 37cm|อก 94cm|แขน 40cm|ยาว 56cm|ท่อนล่าง|เอว 76cm|สะโพก 91cm|ยาว 83cm|ราคา 440 บาท"
CP0682,"เสื้อ+เอี๊ยมกระโปรง|วัสดุ :  ผ้าชีฟอง+ผ้าวูล|สี : ขาว ดำ|ขนาด|ท่อนบน|ไหล่ 35cm|อก 86cm|แขน 55cm|ยาว 58cm|ท่อนล่าง|เอว 78cm|สะโพก 106cm|ยาว 45cm|ราคา 510 บาท"
CP0683,"เสื้อ+เอี๊ยมกระโปรง|วัสดุ :  ผ้าชีฟอง+ผ้าวูล|สี : ขาว ดำ|ขนาด|ท่อนบน|ไหล่ 35cm|อก 86cm|แขน 55cm|ยาว 58cm|ท่อนล่าง|เอว 78cm|สะโพก 106cm|ยาว 45cm|ราคา 510 บาท"
CP0684,"เดรส|วัสดุ :  ผ้า cotton+ผ้าวูล|สี : ขาว น้ำเงินนาวี|ขนาด|ท่อนบน|ไหล่ 35cm|อก 92cm|แขน 56cm|ยาว 75cm|ราคา 370 บาท"
CP0685,"เดรส|วัสดุ :  ผ้า cotton+ผ้าวูล|สี : ขาว น้ำเงินนาวี|ขนาด|ท่อนบน|ไหล่ 35cm|อก 92cm|แขน 56cm|ยาว 75cm|ราคา 370 บาท"
CP0686,"เสื้อ|วัสดุ :  ผ้าฟลูอิด|สี : แดง น้ำเงิน|ขนาด|ท่อนบน|ไหล่ 65cm|อก 112cm|แขน 42cm|ยาว 68cm|ราคา 370 บาท"
CP0687,"เสื้อ|วัสดุ :  ผ้าฟลูอิด|สี : แดง น้ำเงิน|ขนาด|ท่อนบน|ไหล่ 65cm|อก 112cm|แขน 42cm|ยาว 68cm|ราคา 370 บาท"
CP0688,"เสื้อ|วัสดุ :  ผ้า cotton|สี : ฟ้า ขาว|ขนาด|ท่อนบน|ไหล่ 39cm|อก 94cm|แขน 60cm|ยาว 67cm|ราคา 380 บาท"
CP0689,"เสื้อ|วัสดุ :  ผ้า cotton|สี : ฟ้า ขาว|ขนาด|ท่อนบน|ไหล่ 39cm|อก 94cm|แขน 60cm|ยาว 67cm|ราคา 380 บาท"
CP0690,"เสื้อ|วัสดุ :  ผ้าลูกไม้|สี : ขาว|ขนาด|ท่อนบน|ไหล่ 37cm|อก 84cm|แขน 73cm|ยาว 77cm|ราคา 410 บาท"
CP0691,"เสื้อ|วัสดุ :  ผ้า cotton|สี : ชมพู ดำ|ขนาด|ท่อนบน|ไหล่ freecm|อก 112cm|แขน freecm|ยาว 82/86cm|ราคา 550 บาท"
CP0692,"เสื้อ|วัสดุ :  ผ้า cotton|สี : ชมพู ดำ|ขนาด|ท่อนบน|ไหล่ freecm|อก 112cm|แขน freecm|ยาว 82/86cm|ราคา 550 บาท"
CP0693,"เดรส|วัสดุ :  ผ้าชีฟอง|สี : ขาว ดำ|ขนาด|ท่อนบน|ไหล่ freecm|อก 130cm|แขน 26cm|ยาว 74cm|ราคา 420 บาท"
CP0694,"เดรส|วัสดุ :  ผ้าชีฟอง|สี : ขาว ดำ|ขนาด|ท่อนบน|ไหล่ freecm|อก 130cm|แขน 26cm|ยาว 74cm|ราคา 420 บาท"
CP0695,"เดรส|วัสดุ :  ผ้าลูกไม้|สี : ขาว|ขนาด|ท่อนบน|ไหล่ freecm|อก freecm|แขน freecm|ราคา 550 บาท"
CP0696,"เดรส|วัสดุ :  ผ้าผสม|สี : ขาว|ขนาด|ท่อนบน|อก 90cm|แขน 42cm|ยาว 81cm|ราคา 370 บาท"
CP0697,"เสื้อ|วัสดุ :  ผ้า cotton|สี : ขาว|ขนาด|ท่อนบน|ไหล่ 56cm|อก 102cm|แขน 16cm|ยาว 44cm|ราคา 270 บาท"
CP0698,"เสื้อ|วัสดุ :  ผ้าทอ|สี : ฟ้า|ขนาด|ท่อนบน|ไหล่ 39cm|อก 98cm|ยาว 62cm|ราคา 370 บาท"
CP0699,"ผ้าคลุมยาว|วัสดุ :  ผ้าชีฟอง|สี : เทา|ขนาด|ท่อนบน|ไหล่ 45cm|อก 56cm|ยาว 103cm|ราคา 480 บาท"
CP0700,"กางเกง|วัสดุ :  ผ้า cotton+ผ้าตาข่าย|สี : ดำ|ขนาด|ท่อนล่าง|เอว 56-88cm|สะโพก 82cm|ยาว 90cm|ราคา 320 บาท"
CP0701,"กางเกง|วัสดุ :  ผ้ายีนส์|สี : ยีนส์|ขนาด : S เอว 72cm/สะโพก 104cm/ยาว 81cm|M : เอว 74cm/สะโพก 106cm/ยาว 82cm|L : เอว 76cm/สะโพก 108cm/ยาว 83cm|"
CP0702,"เสื้อโค้ท|วัสดุ :  ผ้า cotton ผสม|สี : ครีม แดง ดำ|ขนาด|ท่อนบน|ไหล่ 42cm|อก 106cm|ยาว 87cm|ราคา 370 บาท"
CP0703,"เสื้อโค้ท|วัสดุ :  ผ้า cotton ผสม|สี : ครีม แดง ดำ|ขนาด|ท่อนบน|ไหล่ 42cm|อก 106cm|ยาว 87cm|ราคา 370 บาท"
CP0704,"เสื้อโค้ท|วัสดุ :  ผ้า cotton ผสม|สี : ครีม แดง ดำ|ขนาด|ท่อนบน|ไหล่ 42cm|อก 106cm|ยาว 87cm|ราคา 370 บาท"
CP0705,"เดรส|วัสดุ :  ผ้า cotton|สี : ดำ|ขนาด|ท่อนบน|ไหล่ 37cm|อก 86cm|แขน 42cm|ยาว 77cm|ราคา 400 บาท"
CP0706,"เดรส|วัสดุ :  ผ้า cotton|สี : เหลือง เทา|ขนาด|ท่อนบน|ไหล่ 44cm|อก 110cm|แขน 44cm|ยาว 79/83cm|ราคา 340 บาท"
CP0707,"เดรส|วัสดุ :  ผ้า cotton|สี : เหลือง เทา|ขนาด|ท่อนบน|ไหล่ 44cm|อก 110cm|แขน 44cm|ยาว 79/83cm|ราคา 340 บาท"
CP0708,"เดรส|วัสดุ :  ผ้าทอ|สี : ดำ ขาว|ขนาด|ท่อนบน|อก 80cm|แขน 38cm|ยาว 100cm|ราคา 410 บาท"
CP0709,"เดรส|วัสดุ :  ผ้าทอ|สี : ดำ ขาว|ขนาด|ท่อนบน|อก 80cm|แขน 38cm|ยาว 100cm|ราคา 410 บาท"
CP0710,"เอี๊ยมกางเกง|วัสดุ :  ผ้า cotton|สี : ดำ ลายทาง|ขนาด|ท่อนล่าง|เอว 72cm|ยาว 110cm|ราคา 560 บาท"
CP0711,"เอี๊ยมกางเกง|วัสดุ :  ผ้า cotton|สี : ดำ ลายทาง|ขนาด|ท่อนล่าง|เอว 72cm|ยาว 110cm|ราคา 560 บาท"
CP0712,"เดรส|วัสดุ :  ผ้าทอ|สี : ดำ|ขนาด|ท่อนบน|ไหล่ 41cm|อก 102cm|แขน 33cm|ยาว 86cm|ราคา 490 บาท"
CP0713,"เดรส|วัสดุ :  ผ้าโครเชต์|สี : ขาว ดำ|ขนาด|ท่อนบน|อก 76cm|แขน 37cm|ท่อนล่าง|เอว 74cm|ยาว 74cm|ราคา 450 บาท"
CP0714,"เดรส|วัสดุ :  ผ้าโครเชต์|สี : ขาว ดำ|ขนาด|ท่อนบน|อก 76cm|แขน 37cm|ท่อนล่าง|เอว 74cm|ยาว 74cm|ราคา 450 บาท"
CP0715,"เสื้อ|วัสดุ :  ผ้าชีฟอง|สี : ขาว|ขนาด|ท่อนบน|อก 100cm|แขน 62cm|ยาว 57cm|ราคา 310 บาท"
CP0716,"เสื้อ|วัสดุ :  ผ้าชีฟอง|สี : ขาว|ขนาด|ท่อนบน|อก 100cm|แขน 62cm|ยาว 57cm|ราคา 310 บาท"
CP0717,"เดรส|วัสดุ :  ผ้าทอ|สี : ขาว ดำ|ขนาด|ท่อนบน|ไหล่ 36cm|อก 72cm|แขน 45cm|ยาว 81cm|ราคา 560 บาท"
CP0718,"เดรส|วัสดุ :  ผ้าทอ|สี : ขาว ดำ|ขนาด|ท่อนบน|ไหล่ 36cm|อก 72cm|แขน 45cm|ยาว 81cm|ราคา 560 บาท"
CP0719,"เดรส+ฮู้ด|วัสดุ :  ผ้า cotton|สี : ขาว ดำ เทา|ขนาด|ท่อนบน|ไหล่ 70cm|อก 120cm|แขน 27cm|ยาว 72/79cm|ราคา 370 บาท"
CP0720,"เดรส+ฮู้ด|วัสดุ :  ผ้า cotton|สี : ขาว ดำ เทา|ขนาด|ท่อนบน|ไหล่ 70cm|อก 120cm|แขน 27cm|ยาว 72/79cm|ราคา 370 บาท"
CP0721,"เดรส+ฮู้ด|วัสดุ :  ผ้า cotton|สี : ขาว ดำ เทา|ขนาด|ท่อนบน|ไหล่ 70cm|อก 120cm|แขน 27cm|ยาว 72/79cm|ราคา 370 บาท"
CP0722,"เสื้อ|วัสดุ :  ผ้าชีฟอง|สี : ขาว|ขนาด|ท่อนบน|อก 104cm|แขน 37cm|ยาว 53/61cm|ราคา 340 บาท"
CP0723,"เซ็ตเสื้อ+กางเกง|วัสดุ :  ผ้า cotton+ผ้าทอ|สี : ขาว|ขนาด : S ไหล่ 22cm/อก 80cm/แขน 22cm/เอว 66cm/สะโพก 74cm/ยาว 122cm |M ไหล่ 23cm/อก 82cm/แขน 23cm/เอว 68cm/สะโพก 76cm/ยาว 123cm |"
CP0724,"เอี๊ยมกางเกง|วัสดุ :  ผ้า cotton|สี : เทา ดำ|ขนาด|ท่อนล่าง|เอว 100cm|สะโพก 102cm|ยาว 106cm|ราคา 370 บาท"
CP0725,"เอี๊ยมกางเกง|วัสดุ :  ผ้า cotton|สี : เทา ดำ|ขนาด|ท่อนล่าง|เอว 100cm|สะโพก 102cm|ยาว 106cm|ราคา 370 บาท"
CP0726,"เดรส|วัสดุ :  ผ้า cotton|สี : ขาว|ขนาด|ท่อนบน|ไหล่ 42cm|อก 97cm|แขน 16.5cm|ยาว 81cm|ราคา 400 บาท"
CP0727,"เสื้อ|วัสดุ :  ผ้าไหมพรม|สี : ดำ แดง|ขนาด|ท่อนบน|ไหล่ 40cm|อก 96cm|แขน 21cm|ยาว 49cm|ราคา 410 บาท"
CP0728,"เสื้อ|วัสดุ :  ผ้าไหมพรม|สี : ดำ แดง|ขนาด|ท่อนบน|ไหล่ 40cm|อก 96cm|แขน 21cm|ยาว 49cm|ราคา 410 บาท"
CP0729,"เสื้อ|วัสดุ :  ผ้าไหมพรม|สี : ดำ แดง|ขนาด|ท่อนบน|ไหล่ 40cm|อก 96cm|แขน 21cm|ยาว 49cm|ราคา 410 บาท"
CP0730,"เสื้อ|วัสดุ :  ผ้าวูล|สี : ดำ เทา|ขนาด|ท่อนบน|ไหล่ freecm|อก 110cm|แขน 46cm|ยาว 58cm|ราคา 340 บาท"
CP0731,"เสื้อ|วัสดุ :  ผ้าวูล|สี : ดำ เทา|ขนาด|ท่อนบน|ไหล่ freecm|อก 110cm|แขน 46cm|ยาว 58cm|ราคา 340 บาท"
CP0732,"เดรส|วัสดุ :  ผ้า cotton|สี : ขาว ดำ ฟ้า|ขนาด|ท่อนบน|ไหล่ 108cm|อก 100cm|แขน 16cm|ยาว 78cm|ราคา 440 บาท"
CP0733,"เดรส|วัสดุ :  ผ้า cotton|สี : ขาว ดำ ฟ้า|ขนาด|ท่อนบน|ไหล่ 108cm|อก 100cm|แขน 16cm|ยาว 78cm|ราคา 440 บาท"
CP0734,"เดรส|วัสดุ :  ผ้า cotton|สี : ขาว ดำ ฟ้า|ขนาด|ท่อนบน|ไหล่ 108cm|อก 100cm|แขน 16cm|ยาว 78cm|ราคา 440 บาท"
CP0735,"เดรส|วัสดุ :  ผ้าซาติน|สี : ชมพู|ขนาด|ท่อนบน|อก 104cm|แขน 20cm|ยาว 83cm|ราคา 410 บาท"
CP0736,"เดรส|วัสดุ :  ผ้า cotton|สี : ฟ้า|ขนาด|ท่อนบน|อก 92cm|แขน 30cm|ยาว 66/73cm|ราคา 350 บาท"
CP0737,"เสื้อคลุม|วัสดุ :  ผ้าไหมพรม|สี : ลายสก๊อต|ขนาด|ท่อนบน|อก 110cm|แขน 59cm|ยาว 62cm|ราคา 690 บาท"
CP0738,"เสื้อ|วัสดุ :  ผ้าชีฟอง|สี : ขาว|ขนาด|ท่อนบน|ไหล่ 50cm|อก 102cm|แขน 36cm|ยาว 54cm|ราคา 510 บาท"
CP0739,"เสื้อ|วัสดุ :  ผ้าชีฟอง|สี : ขาว|ขนาด|ท่อนบน|ไหล่ 50cm|อก 102cm|แขน 36cm|ยาว 54cm|ราคา 510 บาท"
CP0740,
CP0741,
CP0742,
CP0743,
CP0744,
CP0745,
CP0746,
CP0747,
CP0748,
CP0749,
CP0750,
CP0751,
CP0752,
CP0753,
CP0754,
CP0755,
CP0756,
CP0757,
CP0758,
CP0759,
CP0760,
CP0761,
CP0762,
CP0763,
CP0764,
CP0765,
CP0766,
CP0767,
CP0768,
CP0769,
CP0770,
CP0771,
CP0772,
CP0773,
CP0774,
CP0775,
CP0776,
CP0777,
CP0778,
CP0779,
CP0780,
CP0781,
CP0782,
CP0783,
CP0784,
CP0785,
CP0786,
CP0787,
CP0788,
CP0789,
CP0790,
CP0791,
CP0792,
CP0793,
CP0794,
CP0795,
CP0796,
CP0797,
CP0798,
CP0799,
CP0800,
CP0801,
CP0802,
CP0803,
CP0804,
CP0805,
CP0806,
CP0807,
CP0808,
CP0809,
CP0810,
CP0811,
CP0812,
CP0813,
CP0814,
CP0815,
CP0816,
CP0817,
CP0818,
CP0819,
CP0820,
CP0821,
CP0822,
CP0823,
CP0824,
CP0825,
CP0826,
CP0827,
CP0828,
CP0829,
CP0830,
CP0831,
CP0832,
CP0833,
CP0834,
CP0835,
CP0836,
CP0837,
CP0838,
CP0839,
CP0840,
CP0841,
CP0842,
CP0843,
CP0844,
CP0845,
CP0846,
CP0847,
CP0848,
CP0849,
CP0850,
CP0851,
CP0852,
CP0853,
CP0854,
CP0855,
CP0856,
CP0857,
CP0858,
CP0859,
CP0860,
CP0861,
CP0862,
CP0863,
CP0864,
CP0865,
CP0866,
CP0867,
CP0868,
CP0869,
CP0870,
CP0871,
CP0872,
CP0873,
CP0874,
CP0875,
CP0876,
CP0877,
CP0878,
CP0879,
CP0880,
CP0881,
CP0882,
CP0883,
CP0884,
CP0885,
CP0886,
CP0887,
CP0888,
CP0889,
CP0890,
CP0891,
CP0892,
CP0893,
CP0894,
CP0895,
CP0896,
CP0897,
CP0898,
CP0899,
CP0900,
CP0901,
CP0902,
CP0903,
CP0904,
CP0905,
CP0906,
CP0907,
CP0908,
CP0909,
CP0910,
CP0911,
CP0912,
CP0913,
CP0914,
CP0915,
CP0916,
CP0917,
CP0918,
CP0919,
CP0920,
CP0921,
CP0922,
CP0923,
CP0924,
CP0925,
CP0926,
CP0927,
CP0928,
CP0929,
CP0930,
CP0931,
CP0932,
CP0933,
CP0934,
CP0935,
CP0936,
CP0937,
CP0938,
CP0939,
CP0940,
CP0941,
CP0942,
CP0943,
CP0944,
CP0945,
CP0946,
CP0947,
CP0948,
CP0949,
CP0950,
